ID,Item title,Final URL,Image URL,Item subtitle,Item category,Price,Sale price,Contextual keywords,Item address
63739,ŠKODA SCALA,https://sklep.skoda-auto.pl/skoda-scala-1-0-tsi-81-kw-110-km-6-biegowa-manualna-czern-magic-metalizowany-tmber6nw9n3015825.html,https://sklep.skoda-auto.pl/media/catalog/product/cache/779e34063ea37c481ddb6652b1f2b61e/8/6/86bc5cd4ee20782975c2df356a25e840-TMBER6NW9N3015825-EF.png,SCALA AMBITION  Manualna  1.0 TSI 110 KM,Pojazdy i części,83800 PLN,801.32 PLN,SCALA SAMOCHÓD SKODA,Jana Pawła II 127 Bydgoszcz 85-140
62005,ŠKODA SCALA,https://sklep.skoda-auto.pl/skoda-scala-1-5-tsi-110-kw-150-km-6-biegowa-manualna-blekit-race-metalizowany-tmbek6nw5m3126116.html,https://sklep.skoda-auto.pl/media/catalog/product/cache/779e34063ea37c481ddb6652b1f2b61e/2/f/2f05446f5b621505ca27c8a2dbc17304-TMBEK6NW5M3126116-EF.png,SCALA STYLE  Manualna  1.5 TSI 150 KM,Pojazdy i części,103350 PLN,1015.13 PLN,SCALA SAMOCHÓD SKODA,Połczyńska 125 Warszawa 01-303
61159,ŠKODA SCALA,https://sklep.skoda-auto.pl/skoda-scala-1-5-tsi-110-kw-150-km-6-biegowa-manualna-szary-quartz-metalizowany-tmbek6nw6m3108515.html,https://sklep.skoda-auto.pl/media/catalog/product/cache/779e34063ea37c481ddb6652b1f2b61e/1/0/10915d33487fb5b5291d0bd7c584ac30-TMBEK6NW6M3108515-EF.png,SCALA STYLE  Manualna  1.5 TSI 150 KM,Pojazdy i części,105250 PLN,1033.79 PLN,SCALA SAMOCHÓD SKODA,Połczyńska 125 Warszawa 01-303
63148,ŠKODA SCALA,https://sklep.skoda-auto.pl/skoda-scala-1-5-tsi-110-kw-150-km-7-biegowa-automatyczna-dsg-szary-steel-niemetalizowany-tmbek6nw8n3008028.html,https://sklep.skoda-auto.pl/media/catalog/product/cache/779e34063ea37c481ddb6652b1f2b61e/f/d/fdb30296b69338c18dfba01698a7cc8b-TMBEK6NW8N3008028-EF.png,SCALA STYLE  Automatyczna  1.5 TSI 150 KM,Pojazdy i części,107400 PLN,1054.91 PLN,SCALA SAMOCHÓD SKODA,Obornicka 249 Poznań 60-693
62988,ŠKODA SUPERB,https://sklep.skoda-auto.pl/skoda-superb-1-5-tsi-110-kw-150-km-6-biegowa-manualna-blekit-energy-niemetalizowany-tmban7np5m7072314.html,https://sklep.skoda-auto.pl/media/catalog/product/cache/779e34063ea37c481ddb6652b1f2b61e/c/f/cf19d9dd6d5f71d61cf4649d8ee86c23-TMBAN7NP5M7072314-EF.png,SUPERB ACTIVE  Manualna  1.5 TSI 150 KM,Pojazdy i części,105050 PLN,991.99 PLN,SUPERB SAMOCHÓD SKODA,Jana Pawła II 127 Bydgoszcz 85-140
62987,ŠKODA SUPERB,https://sklep.skoda-auto.pl/skoda-superb-1-5-tsi-110-kw-150-km-6-biegowa-manualna-blekit-energy-niemetalizowany-tmban7np3m7073770.html,https://sklep.skoda-auto.pl/media/catalog/product/cache/779e34063ea37c481ddb6652b1f2b61e/c/f/cf19d9dd6d5f71d61cf4649d8ee86c23-TMBAN7NP3M7073770-EF.png,SUPERB ACTIVE  Manualna  1.5 TSI 150 KM,Pojazdy i części,105050 PLN,991.99 PLN,SUPERB SAMOCHÓD SKODA,Jana Pawła II 127 Bydgoszcz 85-140
61918,ŠKODA SUPERB,https://sklep.skoda-auto.pl/skoda-superb-2-0-tdi-110-kw-150-km-6-biegowa-manualna-czarny-magic-metalizowany-tmbah7np2m7063979.html,https://sklep.skoda-auto.pl/media/catalog/product/cache/779e34063ea37c481ddb6652b1f2b61e/1/5/151bd3438f889df0ce7ad08222515fa0-TMBAH7NP2M7063979-EF.png,SUPERB AMBITION  Manualna  2.0 TDI 150 KM,Pojazdy i części,142950 PLN,1514.72 PLN,SUPERB SAMOCHÓD SKODA,Armii Krajowej 46 Wrocław 50-541
62052,ŠKODA SUPERB,https://sklep.skoda-auto.pl/skoda-superb-2-0-tdi-110-kw-150-km-6-biegowa-manualna-czarny-magic-metalizowany-tmbah7np6m7066304.html,https://sklep.skoda-auto.pl/media/catalog/product/cache/779e34063ea37c481ddb6652b1f2b61e/1/5/151bd3438f889df0ce7ad08222515fa0-TMBAH7NP6M7066304-EF.png,SUPERB AMBITION  Manualna  2.0 TDI 150 KM,Pojazdy i części,142950 PLN,1514.72 PLN,SUPERB SAMOCHÓD SKODA,Armii Krajowej 46 Wrocław 50-541
62383,ŠKODA SUPERB COMBI,https://sklep.skoda-auto.pl/skoda-superb-combi-2-0-tdi-147-kw-200-km-7-biegowa-automatyczna-dsg-czern-crystal-metalizowany-tmbjr7np4m7064578.html,https://sklep.skoda-auto.pl/media/catalog/product/cache/779e34063ea37c481ddb6652b1f2b61e/9/e/9ea96135c980c35e32405f04b84b1aa0-TMBJR7NP4M7064578-EF.png,SUPERB COMBI AMBITION  Automatyczna  2.0 TDI 200 KM,Pojazdy i części,166300 PLN,1762.14 PLN,SUPERB COMBI SAMOCHÓD SKODA,Obornicka 249 Poznań 60-693
63154,ŠKODA SUPERB,https://sklep.skoda-auto.pl/skoda-superb-2-0-tdi-147-kw-200-km-7-biegowa-automatyczna-dsg-biel-moon-metalizowany-tmbar7npxm7071535.html,https://sklep.skoda-auto.pl/media/catalog/product/cache/779e34063ea37c481ddb6652b1f2b61e/5/6/562cad3508903bbf353a531a65456d87-TMBAR7NPXM7071535-EF.png,SUPERB STYLE  Automatyczna  2.0 TDI 200 KM,Pojazdy i części,175650 PLN,1818.82 PLN,SUPERB SAMOCHÓD SKODA,Armii Krajowej 46 Wrocław 50-541
61823,ŠKODA SUPERB,https://sklep.skoda-auto.pl/skoda-superb-2-0-tdi-147-kw-200-km-7-biegowa-automatyczna-dsg-szary-business-metalizowany-tmbar7np8m7065507.html,https://sklep.skoda-auto.pl/media/catalog/product/cache/779e34063ea37c481ddb6652b1f2b61e/5/a/5abb5b62a6bccf52a7893b6f4f6bb355-TMBAR7NP8M7065507-EF.png,SUPERB STYLE  Automatyczna  2.0 TDI 200 KM,Pojazdy i części,176250 PLN,1825.03 PLN,SUPERB SAMOCHÓD SKODA,Armii Krajowej 46 Wrocław 50-541
63653,ŠKODA SUPERB SPORTLINE,https://sklep.skoda-auto.pl/skoda-superb-sportline-2-0-tdi-147-kw-200-km-7-biegowa-automatyczna-dsg-szary-steel-niemetalizowany-tmbar7np8m7078953.html,https://sklep.skoda-auto.pl/media/catalog/product/cache/779e34063ea37c481ddb6652b1f2b61e/5/3/53e1289360ea27fa4334bb34609db81e-TMBAR7NP8M7078953-EF.png,SUPERB SPORTLINE SPORTLINE  Automatyczna  2.0 TDI 200 KM,Pojazdy i części,188700 PLN,1953.95 PLN,SUPERB SPORTLINE SAMOCHÓD SKODA,Hutnicza 2 A Lubin 59-300
63027,ŠKODA OCTAVIA COMBI,https://sklep.skoda-auto.pl/skoda-octavia-combi-1-5-tsi-110-kw-150-km-6-biegowa-manualna-czern-magic-metalizowany-tmbjr7nx8my187990.html,https://sklep.skoda-auto.pl/media/catalog/product/cache/779e34063ea37c481ddb6652b1f2b61e/6/3/63e10efbaf583094dd44f055615a2c18-TMBJR7NX8MY187990-EF.png,OCTAVIA COMBI STYLE  Manualna  1.5 TSI 150 KM,Pojazdy i części,115900 PLN,1033.72 PLN,OCTAVIA COMBI SAMOCHÓD SKODA,Modlińska 224 Warszawa 03-119
63026,ŠKODA OCTAVIA COMBI,https://sklep.skoda-auto.pl/skoda-octavia-combi-1-5-tsi-110-kw-150-km-6-biegowa-manualna-czern-magic-metalizowany-tmbjr7nx8my192283.html,https://sklep.skoda-auto.pl/media/catalog/product/cache/779e34063ea37c481ddb6652b1f2b61e/6/3/63e10efbaf583094dd44f055615a2c18-TMBJR7NX8MY192283-EF.png,OCTAVIA COMBI STYLE  Manualna  1.5 TSI 150 KM,Pojazdy i części,115900 PLN,1033.72 PLN,OCTAVIA COMBI SAMOCHÓD SKODA,Modlińska 224 Warszawa 03-119
63103,ŠKODA OCTAVIA COMBI,https://sklep.skoda-auto.pl/skoda-octavia-combi-1-5-tsi-110-kw-150-km-6-biegowa-manualna-szary-quarz-metalizowany-tmbjr7nx0my192438.html,https://sklep.skoda-auto.pl/media/catalog/product/cache/779e34063ea37c481ddb6652b1f2b61e/3/5/35069b6c3c8aadf257fcbf794ad5a16b-TMBJR7NX0MY192438-EF.png,OCTAVIA COMBI STYLE  Manualna  1.5 TSI 150 KM,Pojazdy i części,117000 PLN,1043.53 PLN,OCTAVIA COMBI SAMOCHÓD SKODA,Modlińska 224 Warszawa 03-119
58304,ŠKODA OCTAVIA COMBI,https://sklep.skoda-auto.pl/skoda-octavia-combi-1-5-tsi-110-kw-150-km-6-biegowa-manualna-blekit-race-metalizowany-tmbjr7nxxmy103085.html,https://sklep.skoda-auto.pl/media/catalog/product/cache/779e34063ea37c481ddb6652b1f2b61e/f/9/f9bc501182ebdfe5107e72851ae2652e-TMBJR7NXXMY103085-EF.png,OCTAVIA COMBI STYLE  Manualna  1.5 TSI 150 KM,Pojazdy i części,117800 PLN,1050.67 PLN,OCTAVIA COMBI SAMOCHÓD SKODA,Armii Krajowej 46 Wrocław 50-541
61781,ŠKODA OCTAVIA COMBI,https://sklep.skoda-auto.pl/skoda-octavia-combi-1-5-tsi-110-kw-150-km-6-biegowa-manualna-blekit-lava-metalizowany-tmbjr7nxxmy143232.html,https://sklep.skoda-auto.pl/media/catalog/product/cache/779e34063ea37c481ddb6652b1f2b61e/4/7/479181c5e9843a104b0e2f662ac2ed71-TMBJR7NXXMY143232-EF.png,OCTAVIA COMBI STYLE  Manualna  1.5 TSI 150 KM,Pojazdy i części,120700 PLN,1076.53 PLN,OCTAVIA COMBI SAMOCHÓD SKODA,Unii Lubelskiej 5 Poznań 61-249
61779,ŠKODA OCTAVIA COMBI,https://sklep.skoda-auto.pl/skoda-octavia-combi-1-5-tsi-110-kw-150-km-6-biegowa-manualna-blekit-titan-metalizowany-tmbjr7nxxmy143425.html,https://sklep.skoda-auto.pl/media/catalog/product/cache/779e34063ea37c481ddb6652b1f2b61e/2/1/21e30b3dc5abb9a175afd182cd188229-TMBJR7NXXMY143425-EF.png,OCTAVIA COMBI STYLE  Manualna  1.5 TSI 150 KM,Pojazdy i części,120700 PLN,1076.53 PLN,OCTAVIA COMBI SAMOCHÓD SKODA,Unii Lubelskiej 5 Poznań 61-249
61579,ŠKODA OCTAVIA COMBI,https://sklep.skoda-auto.pl/skoda-octavia-combi-1-5-tsi-110-kw-150-km-6-biegowa-manualna-blekit-titan-metalizowany-tmbjr7nx0my142039.html,https://sklep.skoda-auto.pl/media/catalog/product/cache/779e34063ea37c481ddb6652b1f2b61e/2/1/21e30b3dc5abb9a175afd182cd188229-TMBJR7NX0MY142039-EF.png,OCTAVIA COMBI STYLE  Manualna  1.5 TSI 150 KM,Pojazdy i części,120700 PLN,1076.53 PLN,OCTAVIA COMBI SAMOCHÓD SKODA,Unii Lubelskiej 5 Poznań 61-249
62737,ŠKODA OCTAVIA COMBI,https://sklep.skoda-auto.pl/skoda-octavia-combi-1-5-tsi-110-kw-150-km-6-biegowa-manualna-blekit-race-metalizowany-tmbjr7nx5my175439.html,https://sklep.skoda-auto.pl/media/catalog/product/cache/779e34063ea37c481ddb6652b1f2b61e/0/3/031e8947e60fbc2202278cff145a368e-TMBJR7NX5MY175439-EF.png,OCTAVIA COMBI STYLE  Manualna  1.5 TSI 150 KM,Pojazdy i części,120700 PLN,1076.53 PLN,OCTAVIA COMBI SAMOCHÓD SKODA,Unii Lubelskiej 5 Poznań 61-249
62353,ŠKODA OCTAVIA COMBI,https://sklep.skoda-auto.pl/skoda-octavia-combi-1-5-tsi-110-kw-150-km-6-biegowa-manualna-blekit-lava-metalizowany-tmbjr7nx0my151260.html,https://sklep.skoda-auto.pl/media/catalog/product/cache/779e34063ea37c481ddb6652b1f2b61e/4/7/479181c5e9843a104b0e2f662ac2ed71-TMBJR7NX0MY151260-EF.png,OCTAVIA COMBI STYLE  Manualna  1.5 TSI 150 KM,Pojazdy i części,120700 PLN,1076.53 PLN,OCTAVIA COMBI SAMOCHÓD SKODA,Unii Lubelskiej 5 Poznań 61-249
61780,ŠKODA OCTAVIA COMBI,https://sklep.skoda-auto.pl/skoda-octavia-combi-1-5-tsi-110-kw-150-km-6-biegowa-manualna-szary-quarz-metalizowany-tmbjr7nx8my143360.html,https://sklep.skoda-auto.pl/media/catalog/product/cache/779e34063ea37c481ddb6652b1f2b61e/e/8/e85dbd9c30bf8fc8129c826a063a021f-TMBJR7NX8MY143360-EF.png,OCTAVIA COMBI STYLE  Manualna  1.5 TSI 150 KM,Pojazdy i części,120700 PLN,1076.53 PLN,OCTAVIA COMBI SAMOCHÓD SKODA,Unii Lubelskiej 5 Poznań 61-249
61720,ŠKODA OCTAVIA COMBI,https://sklep.skoda-auto.pl/skoda-octavia-combi-1-5-tsi-110-kw-150-km-6-biegowa-manualna-blekit-lava-metalizowany-tmbjr7nx1my143149.html,https://sklep.skoda-auto.pl/media/catalog/product/cache/779e34063ea37c481ddb6652b1f2b61e/4/7/479181c5e9843a104b0e2f662ac2ed71-TMBJR7NX1MY143149-EF.png,OCTAVIA COMBI STYLE  Manualna  1.5 TSI 150 KM,Pojazdy i części,120700 PLN,1076.53 PLN,OCTAVIA COMBI SAMOCHÓD SKODA,Unii Lubelskiej 5 Poznań 61-249
62736,ŠKODA OCTAVIA COMBI,https://sklep.skoda-auto.pl/skoda-octavia-combi-1-5-tsi-110-kw-150-km-6-biegowa-manualna-blekit-lava-metalizowany-tmbjr7nx2my175687.html,https://sklep.skoda-auto.pl/media/catalog/product/cache/779e34063ea37c481ddb6652b1f2b61e/4/7/479181c5e9843a104b0e2f662ac2ed71-TMBJR7NX2MY175687-EF.png,OCTAVIA COMBI STYLE  Manualna  1.5 TSI 150 KM,Pojazdy i części,120700 PLN,1076.53 PLN,OCTAVIA COMBI SAMOCHÓD SKODA,Unii Lubelskiej 5 Poznań 61-249
63536,ŠKODA OCTAVIA COMBI,https://sklep.skoda-auto.pl/skoda-octavia-combi-1-5-tsi-110-kw-150-km-6-biegowa-manualna-czern-magic-metalizowany-tmbjr7nx0ny013722.html,https://sklep.skoda-auto.pl/media/catalog/product/cache/779e34063ea37c481ddb6652b1f2b61e/6/b/6b5f184c6fab4e9c46aa199ac634a678-TMBJR7NX0NY013722-EF.png,OCTAVIA COMBI STYLE  Manualna  1.5 TSI 150 KM,Pojazdy i części,120800 PLN,1077.43 PLN,OCTAVIA COMBI SAMOCHÓD SKODA,Modlińska 224 Warszawa 03-119
62925,ŠKODA OCTAVIA COMBI,https://sklep.skoda-auto.pl/skoda-octavia-combi-1-5-tsi-110-kw-150-km-6-biegowa-manualna-srebrny-brilliant-metalizowany-tmbjr7nx4my190806.html,https://sklep.skoda-auto.pl/media/catalog/product/cache/779e34063ea37c481ddb6652b1f2b61e/b/0/b0eb91bf002c3446d1d1f3af0c9ebeed-TMBJR7NX4MY190806-EF.png,OCTAVIA COMBI STYLE  Manualna  1.5 TSI 150 KM,Pojazdy i części,121750 PLN,1085.90 PLN,OCTAVIA COMBI SAMOCHÓD SKODA,Gen. Władysława Andersa 586 Bielsko-Biała 43-300
63062,ŠKODA OCTAVIA COMBI,https://sklep.skoda-auto.pl/skoda-octavia-combi-1-5-tsi-110-kw-150-km-6-biegowa-manualna-biel-moon-metalizowany-tmbjr7nx5ny007737.html,https://sklep.skoda-auto.pl/media/catalog/product/cache/779e34063ea37c481ddb6652b1f2b61e/0/2/02eac604193fec091e2a4345337ebc9c-TMBJR7NX5NY007737-EF.png,OCTAVIA COMBI STYLE  Manualna  1.5 TSI 150 KM,Pojazdy i części,124600 PLN,1111.32 PLN,OCTAVIA COMBI SAMOCHÓD SKODA,Hutnicza 2 A Lubin 59-300
63205,ŠKODA OCTAVIA COMBI,https://sklep.skoda-auto.pl/skoda-octavia-combi-1-5-tsi-110-kw-150-km-6-biegowa-manualna-blekit-lava-metalizowany-tmbjr7nx2ny010305.html,https://sklep.skoda-auto.pl/media/catalog/product/cache/779e34063ea37c481ddb6652b1f2b61e/1/d/1d69269d77e8d752cb23e3313151db8c-TMBJR7NX2NY010305-EF.png,OCTAVIA COMBI STYLE  Manualna  1.5 TSI 150 KM,Pojazdy i części,125600 PLN,1120.24 PLN,OCTAVIA COMBI SAMOCHÓD SKODA,Obornicka 249 Poznań 60-693
63755,ŠKODA OCTAVIA COMBI,https://sklep.skoda-auto.pl/skoda-octavia-combi-1-5-tsi-m-hev-110-kw-150-km-7-biegowa-automatyczna-dsg-blekit-race-metalizowany-tmbjr7nx0ny014773.html,https://sklep.skoda-auto.pl/media/catalog/product/cache/779e34063ea37c481ddb6652b1f2b61e/e/5/e5877e0d5d416106485872c324032ec3-TMBJR7NX0NY014773-EF.png,OCTAVIA COMBI AMBITION  Automatyczna  1.5 TSI 150 KM,Pojazdy i części,126350 PLN,1126.93 PLN,OCTAVIA COMBI SAMOCHÓD SKODA,Armii Krajowej 46 Wrocław 50-541
61791,ŠKODA OCTAVIA,https://sklep.skoda-auto.pl/skoda-octavia-2-0-tdi-110-kw-150-km-6-biegowa-manualna-braz-maple-metalizowany-tmbaj7nxxmy144940.html,https://sklep.skoda-auto.pl/media/catalog/product/cache/779e34063ea37c481ddb6652b1f2b61e/8/c/8cc8c3793b0f7af98ce85609bfcf65f4-TMBAJ7NXXMY144940-EF.png,OCTAVIA AMBITION  Manualna  2.0 TDI 150 KM,Pojazdy i części,119850 PLN,1313.79 PLN,OCTAVIA SAMOCHÓD SKODA,Roztocze 4 Lublin 20-722
62799,ŠKODA OCTAVIA COMBI,https://sklep.skoda-auto.pl/skoda-octavia-combi-2-0-tdi-85-kw-115-km-6-biegowa-manualna-biel-moon-metalizowany-tmbjg7nxxmy183199.html,https://sklep.skoda-auto.pl/media/catalog/product/cache/779e34063ea37c481ddb6652b1f2b61e/6/d/6d92d951c12a2b7f0f63cfe83e38266f-TMBJG7NXXMY183199-EF.png,OCTAVIA COMBI AMBITION  Manualna  2.0 TDI 115 KM,Pojazdy i części,118750 PLN,1454.13 PLN,OCTAVIA COMBI SAMOCHÓD SKODA,Piasecka 20 A Świdnik 21-040
63388,ŠKODA OCTAVIA COMBI,https://sklep.skoda-auto.pl/skoda-octavia-combi-2-0-tdi-110-kw-150-km-6-biegowa-manualna-czern-magic-metalizowany-tmbjj7nxxny011970.html,https://sklep.skoda-auto.pl/media/catalog/product/cache/779e34063ea37c481ddb6652b1f2b61e/d/8/d85c85715c113f8063b6ce8daa423372-TMBJJ7NXXNY011970-EF.png,OCTAVIA COMBI STYLE  Manualna  2.0 TDI 150 KM,Pojazdy i części,140200 PLN,1716.79 PLN,OCTAVIA COMBI SAMOCHÓD SKODA,Jerozolimskie 249b Opacz Kolonia 05-816
62482,ŠKODA FABIA,https://sklep.skoda-auto.pl/skoda-fabia-1-0-tsi-70-kw-95-km-5-biegowa-manualna-blekit-energy-tmbep6nj0mz098714.html,https://sklep.skoda-auto.pl/media/catalog/product/cache/779e34063ea37c481ddb6652b1f2b61e/1/f/1f133526160a8d7c670a3142a162a372-TMBEP6NJ0MZ098714-EF.png,FABIA AMBITION  Manualna  1.0 TSI 95 KM,Pojazdy i części,57750 PLN,528.67 PLN,FABIA SAMOCHÓD SKODA,Drogowa Trasa Średnicowa 2 Świętochłowice 41-600
62412,ŠKODA FABIA,https://sklep.skoda-auto.pl/skoda-fabia-1-0-tsi-70-kw-95-km-5-biegowa-manualna-srebrny-brilliant-metalizowany-tmbep6nj0mz098955.html,https://sklep.skoda-auto.pl/media/catalog/product/cache/779e34063ea37c481ddb6652b1f2b61e/c/4/c4ec47e080fd57ff7fcaddb4e9d4b7dd-TMBEP6NJ0MZ098955-EF.png,FABIA AMBITION  Manualna  1.0 TSI 95 KM,Pojazdy i części,64650 PLN,591.84 PLN,FABIA SAMOCHÓD SKODA,Drogowa Trasa Średnicowa 2 Świętochłowice 41-600
63467,ŠKODA FABIA COMBI CLASSIC,https://sklep.skoda-auto.pl/skoda-fabia-combi-classic-1-0-mpi-44-kw-60-km-5-biegowa-manualna-blekit-energy-niemetalizowany-tmbja6nj2nz010389.html,https://sklep.skoda-auto.pl/media/catalog/product/cache/779e34063ea37c481ddb6652b1f2b61e/9/4/94e449544df9174a5733d432fd2de961-TMBJA6NJ2NZ010389-EF.png,FABIA COMBI CLASSIC AMBITION  Manualna  1.0 MPI 60 KM,Pojazdy i części,61400 PLN,689.66 PLN,FABIA COMBI CLASSIC SAMOCHÓD SKODA,Warszawska 84 Stojadła 05-300
63180,ŠKODA FABIA COMBI CLASSIC,https://sklep.skoda-auto.pl/skoda-fabia-combi-classic-1-0-tsi-70-kw-95-km-5-biegowa-manualna-biel-candy-niemetalizowany-tmbjp6nj0nz008073.html,https://sklep.skoda-auto.pl/media/catalog/product/cache/779e34063ea37c481ddb6652b1f2b61e/3/d/3d81361ff9482fef5e9ca7111bef83a7-TMBJP6NJ0NZ008073-EF.png,FABIA COMBI CLASSIC AMBITION  Manualna  1.0 TSI 95 KM,Pojazdy i części,67250 PLN,703.62 PLN,FABIA COMBI CLASSIC SAMOCHÓD SKODA,Opolska 2c Opole 45-960
63431,ŠKODA FABIA COMBI CLASSIC,https://sklep.skoda-auto.pl/skoda-fabia-combi-classic-1-0-tsi-70-kw-95-km-5-biegowa-manualna-blekit-energy-niemetalizowany-tmbjp6nj7nz009799.html,https://sklep.skoda-auto.pl/media/catalog/product/cache/779e34063ea37c481ddb6652b1f2b61e/4/7/47c9f68856a0d80abbc363d609e8b260-TMBJP6NJ7NZ009799-EF.png,FABIA COMBI CLASSIC AMBITION  Manualna  1.0 TSI 95 KM,Pojazdy i części,67600 PLN,707.28 PLN,FABIA COMBI CLASSIC SAMOCHÓD SKODA,Karkonoska 81 Wrocław 53-015
63150,ŠKODA FABIA COMBI CLASSIC,https://sklep.skoda-auto.pl/skoda-fabia-combi-classic-1-0-mpi-44-kw-60-km-5-biegowa-manualna-biel-candy-niemetalizowany-tmbja6nj9nz007635.html,https://sklep.skoda-auto.pl/media/catalog/product/cache/779e34063ea37c481ddb6652b1f2b61e/1/f/1fe4df26d1f5b19aa7e7d717ccdd87f3-TMBJA6NJ9NZ007635-EF.png,FABIA COMBI CLASSIC AMBITION  Manualna  1.0 MPI 60 KM,Pojazdy i części,63050 PLN,708.19 PLN,FABIA COMBI CLASSIC SAMOCHÓD SKODA,Krakowska 5/A Falenty 05-090
63409,ŠKODA FABIA COMBI CLASSIC,https://sklep.skoda-auto.pl/skoda-fabia-combi-classic-1-0-tsi-70-kw-95-km-5-biegowa-manualna-biel-candy-niemetalizowany-tmbjp6nj1nz010415.html,https://sklep.skoda-auto.pl/media/catalog/product/cache/779e34063ea37c481ddb6652b1f2b61e/8/4/8452a1bb395e9113d2e8b06b8a1c456d-TMBJP6NJ1NZ010415-EF.png,FABIA COMBI CLASSIC AMBITION  Manualna  1.0 TSI 95 KM,Pojazdy i części,68350 PLN,715.13 PLN,FABIA COMBI CLASSIC SAMOCHÓD SKODA,Unii Lubelskiej 5 Poznań 61-249
63573,ŠKODA FABIA COMBI CLASSIC,https://sklep.skoda-auto.pl/skoda-fabia-combi-classic-1-0-tsi-70-kw-95-km-5-biegowa-manualna-srebrny-brillant-metalizowany-tmbjp6nj4nz007797.html,https://sklep.skoda-auto.pl/media/catalog/product/cache/779e34063ea37c481ddb6652b1f2b61e/2/8/288f422a6d40d94720e503c2527dc242-TMBJP6NJ4NZ007797-EF.png,FABIA COMBI CLASSIC AMBITION  Manualna  1.0 TSI 95 KM,Pojazdy i części,68450 PLN,716.17 PLN,FABIA COMBI CLASSIC SAMOCHÓD SKODA,Krakowska 5/A Falenty 05-090
63572,ŠKODA FABIA COMBI CLASSIC,https://sklep.skoda-auto.pl/skoda-fabia-combi-classic-1-0-tsi-70-kw-95-km-5-biegowa-manualna-srebrny-brillant-metalizowany-tmbjp6nj3nz007810.html,https://sklep.skoda-auto.pl/media/catalog/product/cache/779e34063ea37c481ddb6652b1f2b61e/2/8/288f422a6d40d94720e503c2527dc242-TMBJP6NJ3NZ007810-EF.png,FABIA COMBI CLASSIC AMBITION  Manualna  1.0 TSI 95 KM,Pojazdy i części,68450 PLN,716.17 PLN,FABIA COMBI CLASSIC SAMOCHÓD SKODA,Krakowska 5/A Falenty 05-090
63210,ŠKODA FABIA COMBI CLASSIC,https://sklep.skoda-auto.pl/skoda-fabia-combi-classic-1-0-tsi-70-kw-95-km-5-biegowa-manualna-szary-quarz-metalizowany-tmbjp6nj9nz007956.html,https://sklep.skoda-auto.pl/media/catalog/product/cache/779e34063ea37c481ddb6652b1f2b61e/0/4/044a856e69aa68db6e6612f98f731b43-TMBJP6NJ9NZ007956-EF.png,FABIA COMBI CLASSIC AMBITION  Manualna  1.0 TSI 95 KM,Pojazdy i części,68500 PLN,716.70 PLN,FABIA COMBI CLASSIC SAMOCHÓD SKODA,Obornicka 249 Poznań 60-693
63165,ŠKODA FABIA COMBI CLASSIC,https://sklep.skoda-auto.pl/skoda-fabia-combi-classic-1-0-tsi-70-kw-95-km-5-biegowa-manualna-szary-quarz-metalizowany-tmbjp6nj5nz007520.html,https://sklep.skoda-auto.pl/media/catalog/product/cache/779e34063ea37c481ddb6652b1f2b61e/0/4/044a856e69aa68db6e6612f98f731b43-TMBJP6NJ5NZ007520-EF.png,FABIA COMBI CLASSIC AMBITION  Manualna  1.0 TSI 95 KM,Pojazdy i części,68500 PLN,716.70 PLN,FABIA COMBI CLASSIC SAMOCHÓD SKODA,Obornicka 249 Poznań 60-693
63194,ŠKODA FABIA COMBI CLASSIC,https://sklep.skoda-auto.pl/skoda-fabia-combi-classic-1-0-tsi-70-kw-95-km-5-biegowa-manualna-biel-moon-metalizowany-tmbjp6nj1nz008082.html,https://sklep.skoda-auto.pl/media/catalog/product/cache/779e34063ea37c481ddb6652b1f2b61e/2/0/207d8f7c1d08cb695b831e98f41d9041-TMBJP6NJ1NZ008082-EF.png,FABIA COMBI CLASSIC AMBITION  Manualna  1.0 TSI 95 KM,Pojazdy i części,68500 PLN,716.70 PLN,FABIA COMBI CLASSIC SAMOCHÓD SKODA,Jadwigi Wajsówny  7-9 Poznań 60-002
63207,ŠKODA FABIA COMBI CLASSIC,https://sklep.skoda-auto.pl/skoda-fabia-combi-classic-1-0-tsi-70-kw-95-km-5-biegowa-manualna-szary-quarz-metalizowany-tmbjp6njxnz008047.html,https://sklep.skoda-auto.pl/media/catalog/product/cache/779e34063ea37c481ddb6652b1f2b61e/0/4/044a856e69aa68db6e6612f98f731b43-TMBJP6NJXNZ008047-EF.png,FABIA COMBI CLASSIC AMBITION  Manualna  1.0 TSI 95 KM,Pojazdy i części,68500 PLN,716.70 PLN,FABIA COMBI CLASSIC SAMOCHÓD SKODA,Obornicka 249 Poznań 60-693
63725,ŠKODA FABIA COMBI CLASSIC,https://sklep.skoda-auto.pl/skoda-fabia-combi-classic-1-0-tsi-70-kw-95-km-5-biegowa-manualna-blekit-race-metalizowany-tmbjp6nj0nz010731.html,https://sklep.skoda-auto.pl/media/catalog/product/cache/779e34063ea37c481ddb6652b1f2b61e/d/0/d0843f933f4285d1ec437d6bd4931be9-TMBJP6NJ0NZ010731-EF.png,FABIA COMBI CLASSIC AMBITION  Manualna  1.0 TSI 95 KM,Pojazdy i części,68500 PLN,716.70 PLN,FABIA COMBI CLASSIC SAMOCHÓD SKODA,Makuszyńskiego 74/76 Częstochowa 42-209
63209,ŠKODA FABIA COMBI CLASSIC,https://sklep.skoda-auto.pl/skoda-fabia-combi-classic-1-0-tsi-70-kw-95-km-5-biegowa-manualna-biel-moon-metalizowany-tmbjp6nj1nz008132.html,https://sklep.skoda-auto.pl/media/catalog/product/cache/779e34063ea37c481ddb6652b1f2b61e/2/0/207d8f7c1d08cb695b831e98f41d9041-TMBJP6NJ1NZ008132-EF.png,FABIA COMBI CLASSIC AMBITION  Manualna  1.0 TSI 95 KM,Pojazdy i części,68500 PLN,716.70 PLN,FABIA COMBI CLASSIC SAMOCHÓD SKODA,Obornicka 249 Poznań 60-693
63322,ŠKODA FABIA COMBI CLASSIC,https://sklep.skoda-auto.pl/skoda-fabia-combi-classic-1-0-mpi-44-kw-60-km-5-biegowa-manualna-srebrny-brillant-metalizowany-tmbja6nj1nz009251.html,https://sklep.skoda-auto.pl/media/catalog/product/cache/779e34063ea37c481ddb6652b1f2b61e/7/d/7dbe8cada16b8532383e7353f0e0e6c3-TMBJA6NJ1NZ009251-EF.png,FABIA COMBI CLASSIC AMBITION  Manualna  1.0 MPI 60 KM,Pojazdy i części,63850 PLN,717.18 PLN,FABIA COMBI CLASSIC SAMOCHÓD SKODA,Hutnicza 2 A Lubin 59-300
63554,ŠKODA FABIA COMBI CLASSIC,https://sklep.skoda-auto.pl/skoda-fabia-combi-classic-1-0-tsi-70-kw-95-km-5-biegowa-manualna-biel-moon-metalizowany-tmbjp6nj5nz007579.html,https://sklep.skoda-auto.pl/media/catalog/product/cache/779e34063ea37c481ddb6652b1f2b61e/e/8/e8174d263dce35abca80375e044780f6-TMBJP6NJ5NZ007579-EF.png,FABIA COMBI CLASSIC AMBITION  Manualna  1.0 TSI 95 KM,Pojazdy i części,68900 PLN,720.88 PLN,FABIA COMBI CLASSIC SAMOCHÓD SKODA,Opolska 2c Opole 45-960
63559,ŠKODA FABIA COMBI CLASSIC,https://sklep.skoda-auto.pl/skoda-fabia-combi-classic-1-0-tsi-70-kw-95-km-5-biegowa-manualna-szary-quarz-metalizowany-tmbjp6nj5nz007680.html,https://sklep.skoda-auto.pl/media/catalog/product/cache/779e34063ea37c481ddb6652b1f2b61e/2/b/2bd565a3c2be3f7563b91079017e623c-TMBJP6NJ5NZ007680-EF.png,FABIA COMBI CLASSIC AMBITION  Manualna  1.0 TSI 95 KM,Pojazdy i części,68900 PLN,720.88 PLN,FABIA COMBI CLASSIC SAMOCHÓD SKODA,Obornicka 249 Poznań 60-693
