vehicle_id,title,description,url,make,model,year,mileage.value,mileage.unit,image[0].url,image[0].tag[0],transmission,fuel_type,body_style,drivetrain,vin,condition,price,address,exterior_color,sale_price,availability,state_of_vehicle,latitude,longitude,custom_label_0
62482,ŠKODA FABIA,Oferta leasingu online,https://sklep.skoda-auto.pl/skoda-fabia-1-0-tsi-70-kw-95-km-5-biegowa-manualna-blekit-energy-tmbep6nj0mz098714.html,ŠKODA,FABIA,2021,1,KM,https://sklep.skoda-auto.pl/media/catalog/product/cache/779e34063ea37c481ddb6652b1f2b61e/1/f/1f133526160a8d7c670a3142a162a372-TMBEP6NJ0MZ098714-EF.png,HATCHBACK,MANUAL,GASOLINE,HATCHBACK,FWD,TMBEP6NJ0MZ098714,EXCELLENT,57750 PLN,"{addr1: 'Drogowa Trasa Średnicowa 2', city: 'Świętochłowice', region: 'Silesian Voivodeship', postal_code: '41-600', country: 'Poland'}",Błękit Energy,528.67 PLN,AVAILABLE,NEW,50.291388,18.932135,1.0 TSI 95 KM
62412,ŠKODA FABIA,Oferta leasingu online,https://sklep.skoda-auto.pl/skoda-fabia-1-0-tsi-70-kw-95-km-5-biegowa-manualna-srebrny-brilliant-metalizowany-tmbep6nj0mz098955.html,ŠKODA,FABIA,2021,1,KM,https://sklep.skoda-auto.pl/media/catalog/product/cache/779e34063ea37c481ddb6652b1f2b61e/c/4/c4ec47e080fd57ff7fcaddb4e9d4b7dd-TMBEP6NJ0MZ098955-EF.png,HATCHBACK,MANUAL,GASOLINE,HATCHBACK,FWD,TMBEP6NJ0MZ098955,EXCELLENT,64650 PLN,"{addr1: 'Drogowa Trasa Średnicowa 2', city: 'Świętochłowice', region: 'Silesian Voivodeship', postal_code: '41-600', country: 'Poland'}",Srebrny Brilliant Metalizowany,591.84 PLN,AVAILABLE,NEW,50.291388,18.932135,1.0 TSI 95 KM
62441,ŠKODA FABIA,Oferta leasingu online,https://sklep.skoda-auto.pl/skoda-fabia-1-0-tsi-70-kw-95-km-5-biegowa-manualna-szary-quarz-metalizowany-tmbep6nj0mz097756.html,ŠKODA,FABIA,2021,1,KM,https://sklep.skoda-auto.pl/media/catalog/product/cache/779e34063ea37c481ddb6652b1f2b61e/d/d/dd1bc5947bfb1875a3bc06b987351ab2-TMBEP6NJ0MZ097756-EF.png,HATCHBACK,MANUAL,GASOLINE,HATCHBACK,FWD,TMBEP6NJ0MZ097756,EXCELLENT,65100 PLN,"{addr1: 'Piasecka 20 A', city: 'Świdnik', region: 'Silesian Voivodeship', postal_code: '21-040', country: 'Poland'}",Szary Quarz Metalizowany,595.96 PLN,AVAILABLE,NEW,51.212878,22.647,1.0 TSI 95 KM
63575,ŠKODA FABIA COMBI CLASSIC,Oferta leasingu online,https://sklep.skoda-auto.pl/skoda-fabia-combi-classic-1-0-tsi-70-kw-95-km-5-biegowa-manualna-biel-moon-metalizowany-tmbjp6nj5nz006819.html,ŠKODA,FABIA COMBI CLASSIC,2021,1,KM,https://sklep.skoda-auto.pl/media/catalog/product/cache/779e34063ea37c481ddb6652b1f2b61e/e/b/ebd7fcdc9c69d77e7558005d123377ae-TMBJP6NJ5NZ006819-EF.png,WAGON,MANUAL,GASOLINE,WAGON,FWD,TMBJP6NJ5NZ006819,EXCELLENT,64000 PLN,"{addr1: 'Krakowska 5/A', city: 'Falenty', region: 'Silesian Voivodeship', postal_code: '05-090', country: 'Poland'}",Biel Moon Metalizowany,669.61 PLN,AVAILABLE,NEW,52.142074,20.906896,1.0 TSI 95 KM
63467,ŠKODA FABIA COMBI CLASSIC,Oferta leasingu online,https://sklep.skoda-auto.pl/skoda-fabia-combi-classic-1-0-mpi-44-kw-60-km-5-biegowa-manualna-blekit-energy-niemetalizowany-tmbja6nj2nz010389.html,ŠKODA,FABIA COMBI CLASSIC,2021,1,KM,https://sklep.skoda-auto.pl/media/catalog/product/cache/779e34063ea37c481ddb6652b1f2b61e/9/4/94e449544df9174a5733d432fd2de961-TMBJA6NJ2NZ010389-EF.png,WAGON,MANUAL,GASOLINE,WAGON,FWD,TMBJA6NJ2NZ010389,EXCELLENT,61400 PLN,"{addr1: 'Warszawska 84', city: 'Stojadła', region: 'Silesian Voivodeship', postal_code: '05-300', country: 'Poland'}",Błękit Energy Niemetalizowany,689.66 PLN,AVAILABLE,NEW,52.192068,21.526454,1.0 MPI 60 KM
63180,ŠKODA FABIA COMBI CLASSIC,Oferta leasingu online,https://sklep.skoda-auto.pl/skoda-fabia-combi-classic-1-0-tsi-70-kw-95-km-5-biegowa-manualna-biel-candy-niemetalizowany-tmbjp6nj0nz008073.html,ŠKODA,FABIA COMBI CLASSIC,2021,1,KM,https://sklep.skoda-auto.pl/media/catalog/product/cache/779e34063ea37c481ddb6652b1f2b61e/3/d/3d81361ff9482fef5e9ca7111bef83a7-TMBJP6NJ0NZ008073-EF.png,WAGON,MANUAL,GASOLINE,WAGON,FWD,TMBJP6NJ0NZ008073,EXCELLENT,67250 PLN,"{addr1: 'Opolska 2c', city: 'Opole', region: 'Silesian Voivodeship', postal_code: '45-960', country: 'Poland'}",Biel Candy Niemetalizowany,703.62 PLN,AVAILABLE,NEW,50.697196,17.876002,1.0 TSI 95 KM
61927,ŠKODA FABIA MONTE CARLO,Oferta leasingu online,https://sklep.skoda-auto.pl/skoda-fabia-monte-carlo-1-0-tsi-70-kw-95-km-5-biegowa-manualna-biel-moon-metalizowany-czarny-magic-metalizowany-tmbep6nj6mz085191.html,ŠKODA,FABIA MONTE CARLO,2021,1,KM,https://sklep.skoda-auto.pl/media/catalog/product/cache/779e34063ea37c481ddb6652b1f2b61e/4/7/47eb3a686000d7b88fa3cb31b66704d7-TMBEP6NJ6MZ085191-EF.png,HATCHBACK,MANUAL,GASOLINE,HATCHBACK,FWD,TMBEP6NJ6MZ085191,EXCELLENT,76900 PLN,"{addr1: 'Drogowa Trasa Średnicowa 2', city: 'Świętochłowice', region: 'Silesian Voivodeship', postal_code: '41-600', country: 'Poland'}",Biel Moon Metalizowany Czarny Magic Metalizowany,703.98 PLN,AVAILABLE,NEW,50.291388,18.932135,1.0 TSI 95 KM
63431,ŠKODA FABIA COMBI CLASSIC,Oferta leasingu online,https://sklep.skoda-auto.pl/skoda-fabia-combi-classic-1-0-tsi-70-kw-95-km-5-biegowa-manualna-blekit-energy-niemetalizowany-tmbjp6nj7nz009799.html,ŠKODA,FABIA COMBI CLASSIC,2021,1,KM,https://sklep.skoda-auto.pl/media/catalog/product/cache/779e34063ea37c481ddb6652b1f2b61e/4/7/47c9f68856a0d80abbc363d609e8b260-TMBJP6NJ7NZ009799-EF.png,WAGON,MANUAL,GASOLINE,WAGON,FWD,TMBJP6NJ7NZ009799,EXCELLENT,67600 PLN,"{addr1: 'Karkonoska 81', city: 'Wrocław', region: 'Silesian Voivodeship', postal_code: '53-015', country: 'Poland'}",Błękit Energy Niemetalizowany,707.28 PLN,AVAILABLE,NEW,51.05556,16.976925,1.0 TSI 95 KM
63150,ŠKODA FABIA COMBI CLASSIC,Oferta leasingu online,https://sklep.skoda-auto.pl/skoda-fabia-combi-classic-1-0-mpi-44-kw-60-km-5-biegowa-manualna-biel-candy-niemetalizowany-tmbja6nj9nz007635.html,ŠKODA,FABIA COMBI CLASSIC,2021,1,KM,https://sklep.skoda-auto.pl/media/catalog/product/cache/779e34063ea37c481ddb6652b1f2b61e/1/f/1fe4df26d1f5b19aa7e7d717ccdd87f3-TMBJA6NJ9NZ007635-EF.png,WAGON,MANUAL,GASOLINE,WAGON,FWD,TMBJA6NJ9NZ007635,EXCELLENT,63050 PLN,"{addr1: 'Krakowska 5/A', city: 'Falenty', region: 'Silesian Voivodeship', postal_code: '05-090', country: 'Poland'}",Biel Candy Niemetalizowany,708.19 PLN,AVAILABLE,NEW,52.142074,20.906896,1.0 MPI 60 KM
63409,ŠKODA FABIA COMBI CLASSIC,Oferta leasingu online,https://sklep.skoda-auto.pl/skoda-fabia-combi-classic-1-0-tsi-70-kw-95-km-5-biegowa-manualna-biel-candy-niemetalizowany-tmbjp6nj1nz010415.html,ŠKODA,FABIA COMBI CLASSIC,2021,1,KM,https://sklep.skoda-auto.pl/media/catalog/product/cache/779e34063ea37c481ddb6652b1f2b61e/8/4/8452a1bb395e9113d2e8b06b8a1c456d-TMBJP6NJ1NZ010415-EF.png,WAGON,MANUAL,GASOLINE,WAGON,FWD,TMBJP6NJ1NZ010415,EXCELLENT,68350 PLN,"{addr1: 'Unii Lubelskiej 5', city: 'Poznań', region: 'Silesian Voivodeship', postal_code: '61-249', country: 'Poland'}",Biel Candy Niemetalizowany,715.13 PLN,AVAILABLE,NEW,52.372376,16.950839,1.0 TSI 95 KM
63572,ŠKODA FABIA COMBI CLASSIC,Oferta leasingu online,https://sklep.skoda-auto.pl/skoda-fabia-combi-classic-1-0-tsi-70-kw-95-km-5-biegowa-manualna-srebrny-brillant-metalizowany-tmbjp6nj3nz007810.html,ŠKODA,FABIA COMBI CLASSIC,2021,1,KM,https://sklep.skoda-auto.pl/media/catalog/product/cache/779e34063ea37c481ddb6652b1f2b61e/2/8/288f422a6d40d94720e503c2527dc242-TMBJP6NJ3NZ007810-EF.png,WAGON,MANUAL,GASOLINE,WAGON,FWD,TMBJP6NJ3NZ007810,EXCELLENT,68450 PLN,"{addr1: 'Krakowska 5/A', city: 'Falenty', region: 'Silesian Voivodeship', postal_code: '05-090', country: 'Poland'}",Srebrny Brillant Metalizowany,716.17 PLN,AVAILABLE,NEW,52.142074,20.906896,1.0 TSI 95 KM
63573,ŠKODA FABIA COMBI CLASSIC,Oferta leasingu online,https://sklep.skoda-auto.pl/skoda-fabia-combi-classic-1-0-tsi-70-kw-95-km-5-biegowa-manualna-srebrny-brillant-metalizowany-tmbjp6nj4nz007797.html,ŠKODA,FABIA COMBI CLASSIC,2021,1,KM,https://sklep.skoda-auto.pl/media/catalog/product/cache/779e34063ea37c481ddb6652b1f2b61e/2/8/288f422a6d40d94720e503c2527dc242-TMBJP6NJ4NZ007797-EF.png,WAGON,MANUAL,GASOLINE,WAGON,FWD,TMBJP6NJ4NZ007797,EXCELLENT,68450 PLN,"{addr1: 'Krakowska 5/A', city: 'Falenty', region: 'Silesian Voivodeship', postal_code: '05-090', country: 'Poland'}",Srebrny Brillant Metalizowany,716.17 PLN,AVAILABLE,NEW,52.142074,20.906896,1.0 TSI 95 KM
63194,ŠKODA FABIA COMBI CLASSIC,Oferta leasingu online,https://sklep.skoda-auto.pl/skoda-fabia-combi-classic-1-0-tsi-70-kw-95-km-5-biegowa-manualna-biel-moon-metalizowany-tmbjp6nj1nz008082.html,ŠKODA,FABIA COMBI CLASSIC,2021,1,KM,https://sklep.skoda-auto.pl/media/catalog/product/cache/779e34063ea37c481ddb6652b1f2b61e/2/0/207d8f7c1d08cb695b831e98f41d9041-TMBJP6NJ1NZ008082-EF.png,WAGON,MANUAL,GASOLINE,WAGON,FWD,TMBJP6NJ1NZ008082,EXCELLENT,68500 PLN,"{addr1: 'Jadwigi Wajsówny  7-9', city: 'Poznań', region: 'Silesian Voivodeship', postal_code: '60-002', country: 'Poland'}",Biel Moon Metalizowany,716.70 PLN,AVAILABLE,NEW,52.359853,16.849685,1.0 TSI 95 KM
63650,ŠKODA FABIA COMBI CLASSIC,Oferta leasingu online,https://sklep.skoda-auto.pl/skoda-fabia-combi-classic-1-0-tsi-70-kw-95-km-5-biegowa-manualna-srebrny-brillant-metalizowany-tmbjp6nj3nz011078.html,ŠKODA,FABIA COMBI CLASSIC,2021,1,KM,https://sklep.skoda-auto.pl/media/catalog/product/cache/779e34063ea37c481ddb6652b1f2b61e/4/c/4c98a51d65dc98fc71a38b5c1a3e2a1f-TMBJP6NJ3NZ011078-EF.png,WAGON,MANUAL,GASOLINE,WAGON,FWD,TMBJP6NJ3NZ011078,EXCELLENT,68500 PLN,"{addr1: 'Wernera 59', city: 'Radom', region: 'Silesian Voivodeship', postal_code: '26-600', country: 'Poland'}",Srebrny Brillant Metalizowany,716.70 PLN,AVAILABLE,NEW,51.411757,21.130805,1.0 TSI 95 KM
63207,ŠKODA FABIA COMBI CLASSIC,Oferta leasingu online,https://sklep.skoda-auto.pl/skoda-fabia-combi-classic-1-0-tsi-70-kw-95-km-5-biegowa-manualna-szary-quarz-metalizowany-tmbjp6njxnz008047.html,ŠKODA,FABIA COMBI CLASSIC,2021,1,KM,https://sklep.skoda-auto.pl/media/catalog/product/cache/779e34063ea37c481ddb6652b1f2b61e/0/4/044a856e69aa68db6e6612f98f731b43-TMBJP6NJXNZ008047-EF.png,WAGON,MANUAL,GASOLINE,WAGON,FWD,TMBJP6NJXNZ008047,EXCELLENT,68500 PLN,"{addr1: 'Obornicka 249', city: 'Poznań', region: 'Silesian Voivodeship', postal_code: '60-693', country: 'Poland'}",Szary Quarz Metalizowany,716.70 PLN,AVAILABLE,NEW,52.448805,16.905748,1.0 TSI 95 KM
63725,ŠKODA FABIA COMBI CLASSIC,Oferta leasingu online,https://sklep.skoda-auto.pl/skoda-fabia-combi-classic-1-0-tsi-70-kw-95-km-5-biegowa-manualna-blekit-race-metalizowany-tmbjp6nj0nz010731.html,ŠKODA,FABIA COMBI CLASSIC,2021,1,KM,https://sklep.skoda-auto.pl/media/catalog/product/cache/779e34063ea37c481ddb6652b1f2b61e/d/0/d0843f933f4285d1ec437d6bd4931be9-TMBJP6NJ0NZ010731-EF.png,WAGON,MANUAL,GASOLINE,WAGON,FWD,TMBJP6NJ0NZ010731,EXCELLENT,68500 PLN,"{addr1: 'Makuszyńskiego 74/76', city: 'Częstochowa', region: 'Silesian Voivodeship', postal_code: '42-209', country: 'Poland'}",Błękit Race Metalizowany,716.70 PLN,AVAILABLE,NEW,50.852492,19.148825,1.0 TSI 95 KM
63209,ŠKODA FABIA COMBI CLASSIC,Oferta leasingu online,https://sklep.skoda-auto.pl/skoda-fabia-combi-classic-1-0-tsi-70-kw-95-km-5-biegowa-manualna-biel-moon-metalizowany-tmbjp6nj1nz008132.html,ŠKODA,FABIA COMBI CLASSIC,2021,1,KM,https://sklep.skoda-auto.pl/media/catalog/product/cache/779e34063ea37c481ddb6652b1f2b61e/2/0/207d8f7c1d08cb695b831e98f41d9041-TMBJP6NJ1NZ008132-EF.png,WAGON,MANUAL,GASOLINE,WAGON,FWD,TMBJP6NJ1NZ008132,EXCELLENT,68500 PLN,"{addr1: 'Obornicka 249', city: 'Poznań', region: 'Silesian Voivodeship', postal_code: '60-693', country: 'Poland'}",Biel Moon Metalizowany,716.70 PLN,AVAILABLE,NEW,52.448805,16.905748,1.0 TSI 95 KM
63453,ŠKODA FABIA COMBI CLASSIC,Oferta leasingu online,https://sklep.skoda-auto.pl/skoda-fabia-combi-classic-1-0-tsi-70-kw-95-km-5-biegowa-manualna-biel-moon-metalizowany-tmbjp6nj5nz010384.html,ŠKODA,FABIA COMBI CLASSIC,2021,1,KM,https://sklep.skoda-auto.pl/media/catalog/product/cache/779e34063ea37c481ddb6652b1f2b61e/2/0/207d8f7c1d08cb695b831e98f41d9041-TMBJP6NJ5NZ010384-EF.png,WAGON,MANUAL,GASOLINE,WAGON,FWD,TMBJP6NJ5NZ010384,EXCELLENT,68500 PLN,"{addr1: 'Kościuszki 94', city: 'Katowice', region: 'Silesian Voivodeship', postal_code: '40-519', country: 'Poland'}",Biel Moon Metalizowany,716.70 PLN,AVAILABLE,NEW,50.245177,19.010177,1.0 TSI 95 KM
63164,ŠKODA FABIA COMBI CLASSIC,Oferta leasingu online,https://sklep.skoda-auto.pl/skoda-fabia-combi-classic-1-0-tsi-70-kw-95-km-5-biegowa-manualna-szary-quarz-metalizowany-tmbjp6nj5nz007517.html,ŠKODA,FABIA COMBI CLASSIC,2021,1,KM,https://sklep.skoda-auto.pl/media/catalog/product/cache/779e34063ea37c481ddb6652b1f2b61e/0/4/044a856e69aa68db6e6612f98f731b43-TMBJP6NJ5NZ007517-EF.png,WAGON,MANUAL,GASOLINE,WAGON,FWD,TMBJP6NJ5NZ007517,EXCELLENT,68500 PLN,"{addr1: 'Obornicka 249', city: 'Poznań', region: 'Silesian Voivodeship', postal_code: '60-693', country: 'Poland'}",Szary Quarz Metalizowany,716.70 PLN,AVAILABLE,NEW,52.448805,16.905748,1.0 TSI 95 KM
63206,ŠKODA FABIA COMBI CLASSIC,Oferta leasingu online,https://sklep.skoda-auto.pl/skoda-fabia-combi-classic-1-0-tsi-70-kw-95-km-5-biegowa-manualna-szary-quarz-metalizowany-tmbjp6nj7nz008202.html,ŠKODA,FABIA COMBI CLASSIC,2021,1,KM,https://sklep.skoda-auto.pl/media/catalog/product/cache/779e34063ea37c481ddb6652b1f2b61e/0/4/044a856e69aa68db6e6612f98f731b43-TMBJP6NJ7NZ008202-EF.png,WAGON,MANUAL,GASOLINE,WAGON,FWD,TMBJP6NJ7NZ008202,EXCELLENT,68500 PLN,"{addr1: 'Obornicka 249', city: 'Poznań', region: 'Silesian Voivodeship', postal_code: '60-693', country: 'Poland'}",Szary Quarz Metalizowany,716.70 PLN,AVAILABLE,NEW,52.448805,16.905748,1.0 TSI 95 KM
63208,ŠKODA FABIA COMBI CLASSIC,Oferta leasingu online,https://sklep.skoda-auto.pl/skoda-fabia-combi-classic-1-0-tsi-70-kw-95-km-5-biegowa-manualna-szary-quarz-metalizowany-tmbjp6nj0nz008011.html,ŠKODA,FABIA COMBI CLASSIC,2021,1,KM,https://sklep.skoda-auto.pl/media/catalog/product/cache/779e34063ea37c481ddb6652b1f2b61e/0/4/044a856e69aa68db6e6612f98f731b43-TMBJP6NJ0NZ008011-EF.png,WAGON,MANUAL,GASOLINE,WAGON,FWD,TMBJP6NJ0NZ008011,EXCELLENT,68500 PLN,"{addr1: 'Obornicka 249', city: 'Poznań', region: 'Silesian Voivodeship', postal_code: '60-693', country: 'Poland'}",Szary Quarz Metalizowany,716.70 PLN,AVAILABLE,NEW,52.448805,16.905748,1.0 TSI 95 KM
63210,ŠKODA FABIA COMBI CLASSIC,Oferta leasingu online,https://sklep.skoda-auto.pl/skoda-fabia-combi-classic-1-0-tsi-70-kw-95-km-5-biegowa-manualna-szary-quarz-metalizowany-tmbjp6nj9nz007956.html,ŠKODA,FABIA COMBI CLASSIC,2021,1,KM,https://sklep.skoda-auto.pl/media/catalog/product/cache/779e34063ea37c481ddb6652b1f2b61e/0/4/044a856e69aa68db6e6612f98f731b43-TMBJP6NJ9NZ007956-EF.png,WAGON,MANUAL,GASOLINE,WAGON,FWD,TMBJP6NJ9NZ007956,EXCELLENT,68500 PLN,"{addr1: 'Obornicka 249', city: 'Poznań', region: 'Silesian Voivodeship', postal_code: '60-693', country: 'Poland'}",Szary Quarz Metalizowany,716.70 PLN,AVAILABLE,NEW,52.448805,16.905748,1.0 TSI 95 KM
63165,ŠKODA FABIA COMBI CLASSIC,Oferta leasingu online,https://sklep.skoda-auto.pl/skoda-fabia-combi-classic-1-0-tsi-70-kw-95-km-5-biegowa-manualna-szary-quarz-metalizowany-tmbjp6nj5nz007520.html,ŠKODA,FABIA COMBI CLASSIC,2021,1,KM,https://sklep.skoda-auto.pl/media/catalog/product/cache/779e34063ea37c481ddb6652b1f2b61e/0/4/044a856e69aa68db6e6612f98f731b43-TMBJP6NJ5NZ007520-EF.png,WAGON,MANUAL,GASOLINE,WAGON,FWD,TMBJP6NJ5NZ007520,EXCELLENT,68500 PLN,"{addr1: 'Obornicka 249', city: 'Poznań', region: 'Silesian Voivodeship', postal_code: '60-693', country: 'Poland'}",Szary Quarz Metalizowany,716.70 PLN,AVAILABLE,NEW,52.448805,16.905748,1.0 TSI 95 KM
63322,ŠKODA FABIA COMBI CLASSIC,Oferta leasingu online,https://sklep.skoda-auto.pl/skoda-fabia-combi-classic-1-0-mpi-44-kw-60-km-5-biegowa-manualna-srebrny-brillant-metalizowany-tmbja6nj1nz009251.html,ŠKODA,FABIA COMBI CLASSIC,2021,1,KM,https://sklep.skoda-auto.pl/media/catalog/product/cache/779e34063ea37c481ddb6652b1f2b61e/7/d/7dbe8cada16b8532383e7353f0e0e6c3-TMBJA6NJ1NZ009251-EF.png,WAGON,MANUAL,GASOLINE,WAGON,FWD,TMBJA6NJ1NZ009251,EXCELLENT,63850 PLN,"{addr1: 'Hutnicza 2 A', city: 'Lubin', region: 'Silesian Voivodeship', postal_code: '59-300', country: 'Poland'}",Srebrny Brillant Metalizowany,717.18 PLN,AVAILABLE,NEW,51.411597,16.185118,1.0 MPI 60 KM
63559,ŠKODA FABIA COMBI CLASSIC,Oferta leasingu online,https://sklep.skoda-auto.pl/skoda-fabia-combi-classic-1-0-tsi-70-kw-95-km-5-biegowa-manualna-szary-quarz-metalizowany-tmbjp6nj5nz007680.html,ŠKODA,FABIA COMBI CLASSIC,2021,1,KM,https://sklep.skoda-auto.pl/media/catalog/product/cache/779e34063ea37c481ddb6652b1f2b61e/2/b/2bd565a3c2be3f7563b91079017e623c-TMBJP6NJ5NZ007680-EF.png,WAGON,MANUAL,GASOLINE,WAGON,FWD,TMBJP6NJ5NZ007680,EXCELLENT,68900 PLN,"{addr1: 'Obornicka 249', city: 'Poznań', region: 'Silesian Voivodeship', postal_code: '60-693', country: 'Poland'}",Szary Quarz Metalizowany,720.88 PLN,AVAILABLE,NEW,52.448805,16.905748,1.0 TSI 95 KM
63558,ŠKODA FABIA COMBI CLASSIC,Oferta leasingu online,https://sklep.skoda-auto.pl/skoda-fabia-combi-classic-1-0-tsi-70-kw-95-km-5-biegowa-manualna-szary-quarz-metalizowany-tmbjp6nj8nz007883.html,ŠKODA,FABIA COMBI CLASSIC,2021,1,KM,https://sklep.skoda-auto.pl/media/catalog/product/cache/779e34063ea37c481ddb6652b1f2b61e/2/b/2bd565a3c2be3f7563b91079017e623c-TMBJP6NJ8NZ007883-EF.png,WAGON,MANUAL,GASOLINE,WAGON,FWD,TMBJP6NJ8NZ007883,EXCELLENT,68900 PLN,"{addr1: 'Obornicka 249', city: 'Poznań', region: 'Silesian Voivodeship', postal_code: '60-693', country: 'Poland'}",Szary Quarz Metalizowany,720.88 PLN,AVAILABLE,NEW,52.448805,16.905748,1.0 TSI 95 KM
63560,ŠKODA FABIA COMBI CLASSIC,Oferta leasingu online,https://sklep.skoda-auto.pl/skoda-fabia-combi-classic-1-0-tsi-70-kw-95-km-5-biegowa-manualna-szary-quarz-metalizowany-tmbjp6nj3nz007550.html,ŠKODA,FABIA COMBI CLASSIC,2021,1,KM,https://sklep.skoda-auto.pl/media/catalog/product/cache/779e34063ea37c481ddb6652b1f2b61e/2/b/2bd565a3c2be3f7563b91079017e623c-TMBJP6NJ3NZ007550-EF.png,WAGON,MANUAL,GASOLINE,WAGON,FWD,TMBJP6NJ3NZ007550,EXCELLENT,68900 PLN,"{addr1: 'Obornicka 249', city: 'Poznań', region: 'Silesian Voivodeship', postal_code: '60-693', country: 'Poland'}",Szary Quarz Metalizowany,720.88 PLN,AVAILABLE,NEW,52.448805,16.905748,1.0 TSI 95 KM
63469,ŠKODA FABIA COMBI CLASSIC,Oferta leasingu online,https://sklep.skoda-auto.pl/skoda-fabia-combi-classic-1-0-tsi-70-kw-95-km-5-biegowa-manualna-czern-magic-metalizowany-tmbjp6nj5nz009901.html,ŠKODA,FABIA COMBI CLASSIC,2021,1,KM,https://sklep.skoda-auto.pl/media/catalog/product/cache/779e34063ea37c481ddb6652b1f2b61e/a/6/a633b3eeb2d711a76b54b95da5683319-TMBJP6NJ5NZ009901-EF.png,WAGON,MANUAL,GASOLINE,WAGON,FWD,TMBJP6NJ5NZ009901,EXCELLENT,69150 PLN,"{addr1: 'Obornicka 249', city: 'Poznań', region: 'Silesian Voivodeship', postal_code: '60-693', country: 'Poland'}",Czerń Magic Metalizowany,723.50 PLN,AVAILABLE,NEW,52.448805,16.905748,1.0 TSI 95 KM
63237,ŠKODA FABIA COMBI CLASSIC,Oferta leasingu online,https://sklep.skoda-auto.pl/skoda-fabia-combi-classic-1-0-tsi-70-kw-95-km-5-biegowa-manualna-blekit-race-metalizowany-tmbjp6nj0nz008722.html,ŠKODA,FABIA COMBI CLASSIC,2021,1,KM,https://sklep.skoda-auto.pl/media/catalog/product/cache/779e34063ea37c481ddb6652b1f2b61e/3/6/368772a6b54a6e54ebc0df21bf2e699a-TMBJP6NJ0NZ008722-EF.png,WAGON,MANUAL,GASOLINE,WAGON,FWD,TMBJP6NJ0NZ008722,EXCELLENT,69150 PLN,"{addr1: 'Jadwigi Wajsówny  7-9', city: 'Poznań', region: 'Silesian Voivodeship', postal_code: '60-002', country: 'Poland'}",Błękit Race Metalizowany,723.50 PLN,AVAILABLE,NEW,52.359853,16.849685,1.0 TSI 95 KM
63367,ŠKODA FABIA COMBI CLASSIC,Oferta leasingu online,https://sklep.skoda-auto.pl/skoda-fabia-combi-classic-1-0-tsi-70-kw-95-km-5-biegowa-manualna-czern-magic-metalizowany-tmbjp6njxnz009683.html,ŠKODA,FABIA COMBI CLASSIC,2021,1,KM,https://sklep.skoda-auto.pl/media/catalog/product/cache/779e34063ea37c481ddb6652b1f2b61e/e/4/e46d0368f210417ce7e5c32e808b78bc-TMBJP6NJXNZ009683-EF.png,WAGON,MANUAL,GASOLINE,WAGON,FWD,TMBJP6NJXNZ009683,EXCELLENT,69150 PLN,"{addr1: 'Unii Lubelskiej 5', city: 'Poznań', region: 'Silesian Voivodeship', postal_code: '61-249', country: 'Poland'}",Czerń Magic Metalizowany,723.50 PLN,AVAILABLE,NEW,52.372376,16.950839,1.0 TSI 95 KM
63382,ŠKODA FABIA COMBI CLASSIC,Oferta leasingu online,https://sklep.skoda-auto.pl/skoda-fabia-combi-classic-1-0-tsi-70-kw-95-km-5-biegowa-manualna-blekit-race-metalizowany-tmbjp6nj3nz010075.html,ŠKODA,FABIA COMBI CLASSIC,2021,1,KM,https://sklep.skoda-auto.pl/media/catalog/product/cache/779e34063ea37c481ddb6652b1f2b61e/1/1/111d885ac39abb9903828a12e2a67f0e-TMBJP6NJ3NZ010075-EF.png,WAGON,MANUAL,GASOLINE,WAGON,FWD,TMBJP6NJ3NZ010075,EXCELLENT,69150 PLN,"{addr1: 'Unii Lubelskiej 5', city: 'Poznań', region: 'Silesian Voivodeship', postal_code: '61-249', country: 'Poland'}",Błękit Race Metalizowany,723.50 PLN,AVAILABLE,NEW,52.372376,16.950839,1.0 TSI 95 KM
63213,ŠKODA FABIA COMBI CLASSIC,Oferta leasingu online,https://sklep.skoda-auto.pl/skoda-fabia-combi-classic-1-0-tsi-70-kw-95-km-5-biegowa-manualna-czern-magic-metalizowany-tmbjp6nj3nz008827.html,ŠKODA,FABIA COMBI CLASSIC,2021,1,KM,https://sklep.skoda-auto.pl/media/catalog/product/cache/779e34063ea37c481ddb6652b1f2b61e/e/4/e46d0368f210417ce7e5c32e808b78bc-TMBJP6NJ3NZ008827-EF.png,WAGON,MANUAL,GASOLINE,WAGON,FWD,TMBJP6NJ3NZ008827,EXCELLENT,69150 PLN,"{addr1: 'Unii Lubelskiej 5', city: 'Poznań', region: 'Silesian Voivodeship', postal_code: '61-249', country: 'Poland'}",Czerń Magic Metalizowany,723.50 PLN,AVAILABLE,NEW,52.372376,16.950839,1.0 TSI 95 KM
63468,ŠKODA FABIA COMBI CLASSIC,Oferta leasingu online,https://sklep.skoda-auto.pl/skoda-fabia-combi-classic-1-0-tsi-70-kw-95-km-5-biegowa-manualna-czern-magic-metalizowany-tmbjp6nj8nz010086.html,ŠKODA,FABIA COMBI CLASSIC,2021,1,KM,https://sklep.skoda-auto.pl/media/catalog/product/cache/779e34063ea37c481ddb6652b1f2b61e/a/6/a633b3eeb2d711a76b54b95da5683319-TMBJP6NJ8NZ010086-EF.png,WAGON,MANUAL,GASOLINE,WAGON,FWD,TMBJP6NJ8NZ010086,EXCELLENT,69150 PLN,"{addr1: 'Obornicka 249', city: 'Poznań', region: 'Silesian Voivodeship', postal_code: '60-693', country: 'Poland'}",Czerń Magic Metalizowany,723.50 PLN,AVAILABLE,NEW,52.448805,16.905748,1.0 TSI 95 KM
63622,ŠKODA FABIA COMBI CLASSIC,Oferta leasingu online,https://sklep.skoda-auto.pl/skoda-fabia-combi-classic-1-0-tsi-70-kw-95-km-5-biegowa-manualna-czern-magic-metalizowany-tmbjp6nj2nz010990.html,ŠKODA,FABIA COMBI CLASSIC,2021,1,KM,https://sklep.skoda-auto.pl/media/catalog/product/cache/779e34063ea37c481ddb6652b1f2b61e/a/6/a633b3eeb2d711a76b54b95da5683319-TMBJP6NJ2NZ010990-EF.png,WAGON,MANUAL,GASOLINE,WAGON,FWD,TMBJP6NJ2NZ010990,EXCELLENT,69150 PLN,"{addr1: 'Unii Lubelskiej 5', city: 'Poznań', region: 'Silesian Voivodeship', postal_code: '61-249', country: 'Poland'}",Czerń Magic Metalizowany,723.50 PLN,AVAILABLE,NEW,52.372376,16.950839,1.0 TSI 95 KM
63372,ŠKODA FABIA COMBI CLASSIC,Oferta leasingu online,https://sklep.skoda-auto.pl/skoda-fabia-combi-classic-1-0-tsi-70-kw-95-km-5-biegowa-manualna-blekit-race-metalizowany-tmbjp6nj3nz009492.html,ŠKODA,FABIA COMBI CLASSIC,2021,1,KM,https://sklep.skoda-auto.pl/media/catalog/product/cache/779e34063ea37c481ddb6652b1f2b61e/3/6/368772a6b54a6e54ebc0df21bf2e699a-TMBJP6NJ3NZ009492-EF.png,WAGON,MANUAL,GASOLINE,WAGON,FWD,TMBJP6NJ3NZ009492,EXCELLENT,69150 PLN,"{addr1: 'Unii Lubelskiej 5', city: 'Poznań', region: 'Silesian Voivodeship', postal_code: '61-249', country: 'Poland'}",Błękit Race Metalizowany,723.50 PLN,AVAILABLE,NEW,52.372376,16.950839,1.0 TSI 95 KM
63678,ŠKODA FABIA COMBI CLASSIC,Oferta leasingu online,https://sklep.skoda-auto.pl/skoda-fabia-combi-classic-1-0-tsi-70-kw-95-km-5-biegowa-manualna-blekit-lava-metalizowany-tmbjp6nj5nz010949.html,ŠKODA,FABIA COMBI CLASSIC,2021,1,KM,https://sklep.skoda-auto.pl/media/catalog/product/cache/779e34063ea37c481ddb6652b1f2b61e/a/5/a59f0f0cb1760eaa1543dafbcd2cb7b8-TMBJP6NJ5NZ010949-EF.png,WAGON,MANUAL,GASOLINE,WAGON,FWD,TMBJP6NJ5NZ010949,EXCELLENT,69150 PLN,"{addr1: 'Jadwigi Wajsówny  7-9', city: 'Poznań', region: 'Silesian Voivodeship', postal_code: '60-002', country: 'Poland'}",Błękit Lava Metalizowany,723.50 PLN,AVAILABLE,NEW,52.359853,16.849685,1.0 TSI 95 KM
63271,ŠKODA FABIA COMBI CLASSIC,Oferta leasingu online,https://sklep.skoda-auto.pl/skoda-fabia-combi-classic-1-0-mpi-44-kw-60-km-5-biegowa-manualna-szary-quarz-metalizowany-tmbja6nj5nz009060.html,ŠKODA,FABIA COMBI CLASSIC,2021,1,KM,https://sklep.skoda-auto.pl/media/catalog/product/cache/779e34063ea37c481ddb6652b1f2b61e/5/1/517660d59b17e4e3bc0e9d33a6f0ad40-TMBJA6NJ5NZ009060-EF.png,WAGON,MANUAL,GASOLINE,WAGON,FWD,TMBJA6NJ5NZ009060,EXCELLENT,64800 PLN,"{addr1: 'Połczyńska 125', city: 'Warszawa', region: 'Silesian Voivodeship', postal_code: '01-303', country: 'Poland'}",Szary Quarz Metalizowany,727.85 PLN,AVAILABLE,NEW,52.216105,20.875192,1.0 MPI 60 KM
63218,ŠKODA FABIA COMBI CLASSIC,Oferta leasingu online,https://sklep.skoda-auto.pl/skoda-fabia-combi-classic-1-0-tsi-70-kw-95-km-5-biegowa-manualna-blekit-race-metalizowany-tmbjp6nj9nz008881.html,ŠKODA,FABIA COMBI CLASSIC,2021,1,KM,https://sklep.skoda-auto.pl/media/catalog/product/cache/779e34063ea37c481ddb6652b1f2b61e/3/6/368772a6b54a6e54ebc0df21bf2e699a-TMBJP6NJ9NZ008881-EF.png,WAGON,MANUAL,GASOLINE,WAGON,FWD,TMBJP6NJ9NZ008881,EXCELLENT,69600 PLN,"{addr1: 'Kościuszki 94', city: 'Katowice', region: 'Silesian Voivodeship', postal_code: '40-519', country: 'Poland'}",Błękit Race Metalizowany,728.20 PLN,AVAILABLE,NEW,50.245177,19.010177,1.0 TSI 95 KM
63386,ŠKODA FABIA COMBI CLASSIC,Oferta leasingu online,https://sklep.skoda-auto.pl/skoda-fabia-combi-classic-1-0-tsi-70-kw-95-km-5-biegowa-manualna-blekit-race-metalizowany-tmbjp6nj1nz010074.html,ŠKODA,FABIA COMBI CLASSIC,2021,1,KM,https://sklep.skoda-auto.pl/media/catalog/product/cache/779e34063ea37c481ddb6652b1f2b61e/1/1/111d885ac39abb9903828a12e2a67f0e-TMBJP6NJ1NZ010074-EF.png,WAGON,MANUAL,GASOLINE,WAGON,FWD,TMBJP6NJ1NZ010074,EXCELLENT,69600 PLN,"{addr1: 'Kościuszki 94', city: 'Katowice', region: 'Silesian Voivodeship', postal_code: '40-519', country: 'Poland'}",Błękit Race Metalizowany,728.20 PLN,AVAILABLE,NEW,50.245177,19.010177,1.0 TSI 95 KM
63748,ŠKODA FABIA COMBI CLASSIC,Oferta leasingu online,https://sklep.skoda-auto.pl/skoda-fabia-combi-classic-1-0-tsi-70-kw-95-km-5-biegowa-manualna-czern-magic-metalizowany-tmbjp6nj9nz011120.html,ŠKODA,FABIA COMBI CLASSIC,2021,1,KM,https://sklep.skoda-auto.pl/media/catalog/product/cache/779e34063ea37c481ddb6652b1f2b61e/e/4/e46d0368f210417ce7e5c32e808b78bc-TMBJP6NJ9NZ011120-EF.png,WAGON,MANUAL,GASOLINE,WAGON,FWD,TMBJP6NJ9NZ011120,EXCELLENT,69600 PLN,"{addr1: 'Obornicka 249', city: 'Poznań', region: 'Silesian Voivodeship', postal_code: '60-693', country: 'Poland'}",Czerń Magic Metalizowany,728.20 PLN,AVAILABLE,NEW,52.448805,16.905748,1.0 TSI 95 KM
63362,ŠKODA FABIA COMBI CLASSIC,Oferta leasingu online,https://sklep.skoda-auto.pl/skoda-fabia-combi-classic-1-0-mpi-44-kw-60-km-5-biegowa-manualna-blekit-race-metalizowany-tmbja6nj9nz009126.html,ŠKODA,FABIA COMBI CLASSIC,2021,1,KM,https://sklep.skoda-auto.pl/media/catalog/product/cache/779e34063ea37c481ddb6652b1f2b61e/7/1/71267867527ba512eb180d8a31905d8b-TMBJA6NJ9NZ009126-EF.png,WAGON,MANUAL,GASOLINE,WAGON,FWD,TMBJA6NJ9NZ009126,EXCELLENT,64950 PLN,"{addr1: 'Makuszyńskiego 74/76', city: 'Częstochowa', region: 'Silesian Voivodeship', postal_code: '42-209', country: 'Poland'}",Błękit Race Metalizowany,729.53 PLN,AVAILABLE,NEW,50.852492,19.148825,1.0 MPI 60 KM
63335,ŠKODA FABIA COMBI CLASSIC,Oferta leasingu online,https://sklep.skoda-auto.pl/skoda-fabia-combi-classic-1-0-tsi-70-kw-95-km-5-biegowa-manualna-szary-quarz-metalizowany-tmbjp6nj9nz009111.html,ŠKODA,FABIA COMBI CLASSIC,2021,1,KM,https://sklep.skoda-auto.pl/media/catalog/product/cache/779e34063ea37c481ddb6652b1f2b61e/2/b/2bc90a6cd7e2093527020c54875d28dd-TMBJP6NJ9NZ009111-EF.png,WAGON,MANUAL,GASOLINE,WAGON,FWD,TMBJP6NJ9NZ009111,EXCELLENT,69850 PLN,"{addr1: 'Opolska 2c', city: 'Opole', region: 'Silesian Voivodeship', postal_code: '45-960', country: 'Poland'}",Szary Quarz Metalizowany,730.82 PLN,AVAILABLE,NEW,50.697196,17.876002,1.0 TSI 95 KM
63266,ŠKODA FABIA COMBI CLASSIC,Oferta leasingu online,https://sklep.skoda-auto.pl/skoda-fabia-combi-classic-1-0-tsi-70-kw-95-km-5-biegowa-manualna-szary-quarz-metalizowany-tmbjp6nj2nz008771.html,ŠKODA,FABIA COMBI CLASSIC,2021,1,KM,https://sklep.skoda-auto.pl/media/catalog/product/cache/779e34063ea37c481ddb6652b1f2b61e/2/b/2bc90a6cd7e2093527020c54875d28dd-TMBJP6NJ2NZ008771-EF.png,WAGON,MANUAL,GASOLINE,WAGON,FWD,TMBJP6NJ2NZ008771,EXCELLENT,69850 PLN,"{addr1: 'Opolska 2c', city: 'Opole', region: 'Silesian Voivodeship', postal_code: '45-960', country: 'Poland'}",Szary Quarz Metalizowany,730.82 PLN,AVAILABLE,NEW,50.697196,17.876002,1.0 TSI 95 KM
62987,ŠKODA SUPERB,Oferta leasingu online,https://sklep.skoda-auto.pl/skoda-superb-1-5-tsi-110-kw-150-km-6-biegowa-manualna-blekit-energy-niemetalizowany-tmban7np3m7073770.html,ŠKODA,SUPERB,2021,1,KM,https://sklep.skoda-auto.pl/media/catalog/product/cache/779e34063ea37c481ddb6652b1f2b61e/c/f/cf19d9dd6d5f71d61cf4649d8ee86c23-TMBAN7NP3M7073770-EF.png,SEDAN,MANUAL,GASOLINE,SEDAN,FWD,TMBAN7NP3M7073770,EXCELLENT,105050 PLN,"{addr1: 'Jana Pawła II 127', city: 'Bydgoszcz', region: 'Silesian Voivodeship', postal_code: '85-140', country: 'Poland'}",Błękit Energy Niemetalizowany,991.99 PLN,AVAILABLE,NEW,53.101979,18.008603,1.5 TSI 150 KM
62988,ŠKODA SUPERB,Oferta leasingu online,https://sklep.skoda-auto.pl/skoda-superb-1-5-tsi-110-kw-150-km-6-biegowa-manualna-blekit-energy-niemetalizowany-tmban7np5m7072314.html,ŠKODA,SUPERB,2021,1,KM,https://sklep.skoda-auto.pl/media/catalog/product/cache/779e34063ea37c481ddb6652b1f2b61e/c/f/cf19d9dd6d5f71d61cf4649d8ee86c23-TMBAN7NP5M7072314-EF.png,SEDAN,MANUAL,GASOLINE,SEDAN,FWD,TMBAN7NP5M7072314,EXCELLENT,105050 PLN,"{addr1: 'Jana Pawła II 127', city: 'Bydgoszcz', region: 'Silesian Voivodeship', postal_code: '85-140', country: 'Poland'}",Błękit Energy Niemetalizowany,991.99 PLN,AVAILABLE,NEW,53.101979,18.008603,1.5 TSI 150 KM
63186,ŠKODA SUPERB COMBI,Oferta leasingu online,https://sklep.skoda-auto.pl/skoda-superb-combi-1-5-tsi-110-kw-150-km-7-biegowa-automatyczna-dsg-szary-quarz-metalizowany-tmbjn7np3m7071923.html,ŠKODA,SUPERB COMBI,2021,1,KM,https://sklep.skoda-auto.pl/media/catalog/product/cache/779e34063ea37c481ddb6652b1f2b61e/2/7/278ed9fc4311683442d67f1880cace2e-TMBJN7NP3M7071923-EF.png,WAGON,AUTOMATIC,GASOLINE,WAGON,FWD,TMBJN7NP3M7071923,EXCELLENT,146600 PLN,"{addr1: 'Armii Krajowej 46', city: 'Wrocław', region: 'Silesian Voivodeship', postal_code: '50-541', country: 'Poland'}",Szary Quarz Metalizowany,1305.71 PLN,AVAILABLE,NEW,51.083469,17.05073,1.5 TSI 150 KM
59301,ŠKODA SUPERB,Oferta leasingu online,https://sklep.skoda-auto.pl/skoda-superb-1-5-tsi-110-kw-150-km-7-biegowa-automatyczna-dsg-blekit-lava-metalizowany-tmban7np2m7052389.html,ŠKODA,SUPERB,2021,1,KM,https://sklep.skoda-auto.pl/media/catalog/product/cache/779e34063ea37c481ddb6652b1f2b61e/2/2/22f537cc31eb4551a0feceac0ec9ac07-TMBAN7NP2M7052389-EF.png,SEDAN,AUTOMATIC,GASOLINE,SEDAN,FWD,TMBAN7NP2M7052389,EXCELLENT,145200 PLN,"{addr1: 'Karkonoska 81', city: 'Wrocław', region: 'Silesian Voivodeship', postal_code: '53-015', country: 'Poland'}",Błękit Lava Metalizowany,1371.12 PLN,AVAILABLE,NEW,51.05556,16.976925,1.5 TSI 150 KM
61918,ŠKODA SUPERB,Oferta leasingu online,https://sklep.skoda-auto.pl/skoda-superb-2-0-tdi-110-kw-150-km-6-biegowa-manualna-czarny-magic-metalizowany-tmbah7np2m7063979.html,ŠKODA,SUPERB,2021,1,KM,https://sklep.skoda-auto.pl/media/catalog/product/cache/779e34063ea37c481ddb6652b1f2b61e/1/5/151bd3438f889df0ce7ad08222515fa0-TMBAH7NP2M7063979-EF.png,SEDAN,MANUAL,DIESEL,SEDAN,FWD,TMBAH7NP2M7063979,EXCELLENT,142950 PLN,"{addr1: 'Armii Krajowej 46', city: 'Wrocław', region: 'Silesian Voivodeship', postal_code: '50-541', country: 'Poland'}",Czarny Magic metalizowany,1480.22 PLN,AVAILABLE,NEW,51.083469,17.05073,2.0 TDI 150 KM
61141,ŠKODA SUPERB,Oferta leasingu online,https://sklep.skoda-auto.pl/skoda-superb-2-0-tdi-110-kw-150-km-6-biegowa-manualna-szary-business-metalizowany-tmbah7np6m7059949.html,ŠKODA,SUPERB,2021,1,KM,https://sklep.skoda-auto.pl/media/catalog/product/cache/779e34063ea37c481ddb6652b1f2b61e/f/a/faf2cdb855caa282622af3740a56fec8-TMBAH7NP6M7059949-EF.png,SEDAN,MANUAL,DIESEL,SEDAN,FWD,TMBAH7NP6M7059949,EXCELLENT,143350 PLN,"{addr1: 'Hutnicza 2 A', city: 'Lubin', region: 'Silesian Voivodeship', postal_code: '59-300', country: 'Poland'}",Szary Business Metalizowany,1484.36 PLN,AVAILABLE,NEW,51.411597,16.185118,2.0 TDI 150 KM
61803,ŠKODA SUPERB,Oferta leasingu online,https://sklep.skoda-auto.pl/skoda-superb-2-0-tdi-110-kw-150-km-6-biegowa-manualna-braz-magnetic-metalizowany-tmbah7np6m7065573.html,ŠKODA,SUPERB,2021,1,KM,https://sklep.skoda-auto.pl/media/catalog/product/cache/779e34063ea37c481ddb6652b1f2b61e/e/0/e02153d755571e96c4664ee344088076-TMBAH7NP6M7065573-EF.png,SEDAN,MANUAL,DIESEL,SEDAN,FWD,TMBAH7NP6M7065573,EXCELLENT,146600 PLN,"{addr1: 'Jana Pawła II 127', city: 'Bydgoszcz', region: 'Silesian Voivodeship', postal_code: '85-140', country: 'Poland'}",Brąz Magnetic Metalizowany,1518.01 PLN,AVAILABLE,NEW,53.101979,18.008603,2.0 TDI 150 KM
62383,ŠKODA SUPERB COMBI,Oferta leasingu online,https://sklep.skoda-auto.pl/skoda-superb-combi-2-0-tdi-147-kw-200-km-7-biegowa-automatyczna-dsg-czern-crystal-metalizowany-tmbjr7np4m7064578.html,ŠKODA,SUPERB COMBI,2021,1,KM,https://sklep.skoda-auto.pl/media/catalog/product/cache/779e34063ea37c481ddb6652b1f2b61e/9/e/9ea96135c980c35e32405f04b84b1aa0-TMBJR7NP4M7064578-EF.png,WAGON,AUTOMATIC,DIESEL,WAGON,FWD,TMBJR7NP4M7064578,EXCELLENT,166300 PLN,"{addr1: 'Obornicka 249', city: 'Poznań', region: 'Silesian Voivodeship', postal_code: '60-693', country: 'Poland'}",Czerń Crystal Metalizowany,1762.14 PLN,AVAILABLE,NEW,52.448805,16.905748,2.0 TDI 200 KM
63154,ŠKODA SUPERB,Oferta leasingu online,https://sklep.skoda-auto.pl/skoda-superb-2-0-tdi-147-kw-200-km-7-biegowa-automatyczna-dsg-biel-moon-metalizowany-tmbar7npxm7071535.html,ŠKODA,SUPERB,2021,1,KM,https://sklep.skoda-auto.pl/media/catalog/product/cache/779e34063ea37c481ddb6652b1f2b61e/5/6/562cad3508903bbf353a531a65456d87-TMBAR7NPXM7071535-EF.png,SEDAN,AUTOMATIC,DIESEL,SEDAN,FWD,TMBAR7NPXM7071535,EXCELLENT,175650 PLN,"{addr1: 'Armii Krajowej 46', city: 'Wrocław', region: 'Silesian Voivodeship', postal_code: '50-541', country: 'Poland'}",Biel Moon Metalizowany,1818.82 PLN,AVAILABLE,NEW,51.083469,17.05073,2.0 TDI 200 KM
61823,ŠKODA SUPERB,Oferta leasingu online,https://sklep.skoda-auto.pl/skoda-superb-2-0-tdi-147-kw-200-km-7-biegowa-automatyczna-dsg-szary-business-metalizowany-tmbar7np8m7065507.html,ŠKODA,SUPERB,2021,1,KM,https://sklep.skoda-auto.pl/media/catalog/product/cache/779e34063ea37c481ddb6652b1f2b61e/5/a/5abb5b62a6bccf52a7893b6f4f6bb355-TMBAR7NP8M7065507-EF.png,SEDAN,AUTOMATIC,DIESEL,SEDAN,FWD,TMBAR7NP8M7065507,EXCELLENT,176250 PLN,"{addr1: 'Armii Krajowej 46', city: 'Wrocław', region: 'Silesian Voivodeship', postal_code: '50-541', country: 'Poland'}",Szary Business Metalizowany,1825.03 PLN,AVAILABLE,NEW,51.083469,17.05073,2.0 TDI 200 KM
63653,ŠKODA SUPERB SPORTLINE,Oferta leasingu online,https://sklep.skoda-auto.pl/skoda-superb-sportline-2-0-tdi-147-kw-200-km-7-biegowa-automatyczna-dsg-szary-steel-niemetalizowany-tmbar7np8m7078953.html,ŠKODA,SUPERB SPORTLINE,2021,1,KM,https://sklep.skoda-auto.pl/media/catalog/product/cache/779e34063ea37c481ddb6652b1f2b61e/5/3/53e1289360ea27fa4334bb34609db81e-TMBAR7NP8M7078953-EF.png,SEDAN,AUTOMATIC,DIESEL,SEDAN,FWD,TMBAR7NP8M7078953,EXCELLENT,188700 PLN,"{addr1: 'Hutnicza 2 A', city: 'Lubin', region: 'Silesian Voivodeship', postal_code: '59-300', country: 'Poland'}",Szary Steel Niemetalizowany,1953.95 PLN,AVAILABLE,NEW,51.411597,16.185118,2.0 TDI 200 KM
63269,ŠKODA SCALA,Oferta leasingu online,https://sklep.skoda-auto.pl/skoda-scala-1-0-tsi-70-kw-95-km-5-biegowa-manualna-biel-candy-niemetalizowany-tmbep6nw0m3155265.html,ŠKODA,SCALA,2021,1,KM,https://sklep.skoda-auto.pl/media/catalog/product/cache/779e34063ea37c481ddb6652b1f2b61e/b/6/b66dce4430aa8cb85d78d742d50067cb-TMBEP6NW0M3155265-EF.png,HATCHBACK,MANUAL,GASOLINE,HATCHBACK,FWD,TMBEP6NW0M3155265,EXCELLENT,74800 PLN,"{addr1: 'Warszawska 84', city: 'Stojadła', region: 'Silesian Voivodeship', postal_code: '05-300', country: 'Poland'}",Biel Candy Niemetalizowany,715.26 PLN,AVAILABLE,NEW,52.192068,21.526454,1.0 TSI 95 KM
63588,ŠKODA SCALA,Oferta leasingu online,https://sklep.skoda-auto.pl/skoda-scala-1-0-tsi-81-kw-110-km-6-biegowa-manualna-srebrny-brillant-metalizowany-tmber6nw4n3009527.html,ŠKODA,SCALA,2021,1,KM,https://sklep.skoda-auto.pl/media/catalog/product/cache/779e34063ea37c481ddb6652b1f2b61e/1/1/1187662636f3babc9a0fd5caa58ba595-TMBER6NW4N3009527-EF.png,HATCHBACK,MANUAL,GASOLINE,HATCHBACK,FWD,TMBER6NW4N3009527,EXCELLENT,81500 PLN,"{addr1: 'Armii Krajowej 46', city: 'Wrocław', region: 'Silesian Voivodeship', postal_code: '50-541', country: 'Poland'}",Srebrny Brillant Metalizowany,779.32 PLN,AVAILABLE,NEW,51.083469,17.05073,1.0 TSI 110 KM
63586,ŠKODA SCALA,Oferta leasingu online,https://sklep.skoda-auto.pl/skoda-scala-1-0-tsi-81-kw-110-km-6-biegowa-manualna-srebrny-brillant-metalizowany-tmber6nw7n3009957.html,ŠKODA,SCALA,2021,1,KM,https://sklep.skoda-auto.pl/media/catalog/product/cache/779e34063ea37c481ddb6652b1f2b61e/1/1/1187662636f3babc9a0fd5caa58ba595-TMBER6NW7N3009957-EF.png,HATCHBACK,MANUAL,GASOLINE,HATCHBACK,FWD,TMBER6NW7N3009957,EXCELLENT,81500 PLN,"{addr1: 'Armii Krajowej 46', city: 'Wrocław', region: 'Silesian Voivodeship', postal_code: '50-541', country: 'Poland'}",Srebrny Brillant Metalizowany,779.32 PLN,AVAILABLE,NEW,51.083469,17.05073,1.0 TSI 110 KM
63580,ŠKODA SCALA,Oferta leasingu online,https://sklep.skoda-auto.pl/skoda-scala-1-0-tsi-81-kw-110-km-6-biegowa-manualna-srebrny-brillant-metalizowany-tmber6nw8n3013564.html,ŠKODA,SCALA,2021,1,KM,https://sklep.skoda-auto.pl/media/catalog/product/cache/779e34063ea37c481ddb6652b1f2b61e/1/1/1187662636f3babc9a0fd5caa58ba595-TMBER6NW8N3013564-EF.png,HATCHBACK,MANUAL,GASOLINE,HATCHBACK,FWD,TMBER6NW8N3013564,EXCELLENT,81500 PLN,"{addr1: 'Armii Krajowej 46', city: 'Wrocław', region: 'Silesian Voivodeship', postal_code: '50-541', country: 'Poland'}",Srebrny Brillant Metalizowany,779.32 PLN,AVAILABLE,NEW,51.083469,17.05073,1.0 TSI 110 KM
63193,ŠKODA SCALA,Oferta leasingu online,https://sklep.skoda-auto.pl/skoda-scala-1-0-tsi-81-kw-110-km-6-biegowa-manualna-srebrny-brillant-metalizowany-tmber6nw5n3007723.html,ŠKODA,SCALA,2021,1,KM,https://sklep.skoda-auto.pl/media/catalog/product/cache/779e34063ea37c481ddb6652b1f2b61e/2/f/2f466ef73b9304ecb9d75942b42e7fed-TMBER6NW5N3007723-EF.png,HATCHBACK,MANUAL,GASOLINE,HATCHBACK,FWD,TMBER6NW5N3007723,EXCELLENT,81500 PLN,"{addr1: 'Armii Krajowej 46', city: 'Wrocław', region: 'Silesian Voivodeship', postal_code: '50-541', country: 'Poland'}",Srebrny Brillant Metalizowany,779.32 PLN,AVAILABLE,NEW,51.083469,17.05073,1.0 TSI 110 KM
63589,ŠKODA SCALA,Oferta leasingu online,https://sklep.skoda-auto.pl/skoda-scala-1-0-tsi-81-kw-110-km-6-biegowa-manualna-srebrny-brillant-metalizowany-tmber6nw8n3009708.html,ŠKODA,SCALA,2021,1,KM,https://sklep.skoda-auto.pl/media/catalog/product/cache/779e34063ea37c481ddb6652b1f2b61e/1/1/1187662636f3babc9a0fd5caa58ba595-TMBER6NW8N3009708-EF.png,HATCHBACK,MANUAL,GASOLINE,HATCHBACK,FWD,TMBER6NW8N3009708,EXCELLENT,81500 PLN,"{addr1: 'Armii Krajowej 46', city: 'Wrocław', region: 'Silesian Voivodeship', postal_code: '50-541', country: 'Poland'}",Srebrny Brillant Metalizowany,779.32 PLN,AVAILABLE,NEW,51.083469,17.05073,1.0 TSI 110 KM
63587,ŠKODA SCALA,Oferta leasingu online,https://sklep.skoda-auto.pl/skoda-scala-1-0-tsi-81-kw-110-km-6-biegowa-manualna-srebrny-brillant-metalizowany-tmber6nw2n3009753.html,ŠKODA,SCALA,2021,1,KM,https://sklep.skoda-auto.pl/media/catalog/product/cache/779e34063ea37c481ddb6652b1f2b61e/1/1/1187662636f3babc9a0fd5caa58ba595-TMBER6NW2N3009753-EF.png,HATCHBACK,MANUAL,GASOLINE,HATCHBACK,FWD,TMBER6NW2N3009753,EXCELLENT,81500 PLN,"{addr1: 'Armii Krajowej 46', city: 'Wrocław', region: 'Silesian Voivodeship', postal_code: '50-541', country: 'Poland'}",Srebrny Brillant Metalizowany,779.32 PLN,AVAILABLE,NEW,51.083469,17.05073,1.0 TSI 110 KM
63582,ŠKODA SCALA,Oferta leasingu online,https://sklep.skoda-auto.pl/skoda-scala-1-0-tsi-81-kw-110-km-6-biegowa-manualna-srebrny-brillant-metalizowany-tmber6nwxn3012867.html,ŠKODA,SCALA,2021,1,KM,https://sklep.skoda-auto.pl/media/catalog/product/cache/779e34063ea37c481ddb6652b1f2b61e/1/1/1187662636f3babc9a0fd5caa58ba595-TMBER6NWXN3012867-EF.png,HATCHBACK,MANUAL,GASOLINE,HATCHBACK,FWD,TMBER6NWXN3012867,EXCELLENT,81500 PLN,"{addr1: 'Armii Krajowej 46', city: 'Wrocław', region: 'Silesian Voivodeship', postal_code: '50-541', country: 'Poland'}",Srebrny Brillant Metalizowany,779.32 PLN,AVAILABLE,NEW,51.083469,17.05073,1.0 TSI 110 KM
63060,ŠKODA SCALA,Oferta leasingu online,https://sklep.skoda-auto.pl/skoda-scala-1-5-tsi-110-kw-150-km-6-biegowa-manualna-czarny-magic-metalizowany-tmbek6nw6m3158024.html,ŠKODA,SCALA,2021,1,KM,https://sklep.skoda-auto.pl/media/catalog/product/cache/779e34063ea37c481ddb6652b1f2b61e/b/1/b1cb4ecb92db94f2e4df7a3dabe830c9-TMBEK6NW6M3158024-EF.png,HATCHBACK,MANUAL,GASOLINE,HATCHBACK,FWD,TMBEK6NW6M3158024,EXCELLENT,93350 PLN,"{addr1: 'Unii Lubelskiej 5', city: 'Poznań', region: 'Silesian Voivodeship', postal_code: '61-249', country: 'Poland'}",Czarny Magic metalizowany,916.91 PLN,AVAILABLE,NEW,52.372376,16.950839,1.5 TSI 150 KM
62005,ŠKODA SCALA,Oferta leasingu online,https://sklep.skoda-auto.pl/skoda-scala-1-5-tsi-110-kw-150-km-6-biegowa-manualna-blekit-race-metalizowany-tmbek6nw5m3126116.html,ŠKODA,SCALA,2021,1,KM,https://sklep.skoda-auto.pl/media/catalog/product/cache/779e34063ea37c481ddb6652b1f2b61e/2/f/2f05446f5b621505ca27c8a2dbc17304-TMBEK6NW5M3126116-EF.png,HATCHBACK,MANUAL,GASOLINE,HATCHBACK,FWD,TMBEK6NW5M3126116,EXCELLENT,103350 PLN,"{addr1: 'Połczyńska 125', city: 'Warszawa', region: 'Silesian Voivodeship', postal_code: '01-303', country: 'Poland'}",Błękit Race Metalizowany,1015.13 PLN,AVAILABLE,NEW,52.216105,20.875192,1.5 TSI 150 KM
61159,ŠKODA SCALA,Oferta leasingu online,https://sklep.skoda-auto.pl/skoda-scala-1-5-tsi-110-kw-150-km-6-biegowa-manualna-szary-quartz-metalizowany-tmbek6nw6m3108515.html,ŠKODA,SCALA,2021,1,KM,https://sklep.skoda-auto.pl/media/catalog/product/cache/779e34063ea37c481ddb6652b1f2b61e/1/0/10915d33487fb5b5291d0bd7c584ac30-TMBEK6NW6M3108515-EF.png,HATCHBACK,MANUAL,GASOLINE,HATCHBACK,FWD,TMBEK6NW6M3108515,EXCELLENT,105250 PLN,"{addr1: 'Połczyńska 125', city: 'Warszawa', region: 'Silesian Voivodeship', postal_code: '01-303', country: 'Poland'}",Szary Quartz Metalizowany,1033.79 PLN,AVAILABLE,NEW,52.216105,20.875192,1.5 TSI 150 KM
63148,ŠKODA SCALA,Oferta leasingu online,https://sklep.skoda-auto.pl/skoda-scala-1-5-tsi-110-kw-150-km-7-biegowa-automatyczna-dsg-szary-steel-niemetalizowany-tmbek6nw8n3008028.html,ŠKODA,SCALA,2021,1,KM,https://sklep.skoda-auto.pl/media/catalog/product/cache/779e34063ea37c481ddb6652b1f2b61e/f/d/fdb30296b69338c18dfba01698a7cc8b-TMBEK6NW8N3008028-EF.png,HATCHBACK,AUTOMATIC,GASOLINE,HATCHBACK,FWD,TMBEK6NW8N3008028,EXCELLENT,107400 PLN,"{addr1: 'Obornicka 249', city: 'Poznań', region: 'Silesian Voivodeship', postal_code: '60-693', country: 'Poland'}",Szary Steel Niemetalizowany,1054.91 PLN,AVAILABLE,NEW,52.448805,16.905748,1.5 TSI 150 KM
63624,ŠKODA KAMIQ,Oferta leasingu online,https://sklep.skoda-auto.pl/skoda-kamiq-1-0-tsi-81-kw-110-km-6-biegowa-manualna-srebrny-brillant-metalizowany-tmbgr6nw2n3014296.html,ŠKODA,KAMIQ,2021,1,KM,https://sklep.skoda-auto.pl/media/catalog/product/cache/779e34063ea37c481ddb6652b1f2b61e/0/7/074ac3fa5a38fa14deb7cc5b89b09fb0-TMBGR6NW2N3014296-EF.png,HATCHBACK,MANUAL,GASOLINE,HATCHBACK,FWD,TMBGR6NW2N3014296,EXCELLENT,90700 PLN,"{addr1: 'Unii Lubelskiej 5', city: 'Poznań', region: 'Silesian Voivodeship', postal_code: '61-249', country: 'Poland'}",Srebrny Brillant Metalizowany,837.47 PLN,AVAILABLE,NEW,52.372376,16.950839,1.0 TSI 110 KM
63441,ŠKODA KAMIQ,Oferta leasingu online,https://sklep.skoda-auto.pl/skoda-kamiq-1-0-tsi-81-kw-110-km-6-biegowa-manualna-srebrny-brillant-metalizowany-tmbgr6nw0n3013888.html,ŠKODA,KAMIQ,2021,1,KM,https://sklep.skoda-auto.pl/media/catalog/product/cache/779e34063ea37c481ddb6652b1f2b61e/e/4/e4fdc7e1f9ea531de19d7c3ec6059394-TMBGR6NW0N3013888-EF.png,HATCHBACK,MANUAL,GASOLINE,HATCHBACK,FWD,TMBGR6NW0N3013888,EXCELLENT,90700 PLN,"{addr1: 'Unii Lubelskiej 5', city: 'Poznań', region: 'Silesian Voivodeship', postal_code: '61-249', country: 'Poland'}",Srebrny Brillant Metalizowany,837.47 PLN,AVAILABLE,NEW,52.372376,16.950839,1.0 TSI 110 KM
63443,ŠKODA KAMIQ,Oferta leasingu online,https://sklep.skoda-auto.pl/skoda-kamiq-1-0-tsi-81-kw-110-km-6-biegowa-manualna-srebrny-brillant-metalizowany-tmbgr6nw3n3013738.html,ŠKODA,KAMIQ,2021,1,KM,https://sklep.skoda-auto.pl/media/catalog/product/cache/779e34063ea37c481ddb6652b1f2b61e/e/4/e4fdc7e1f9ea531de19d7c3ec6059394-TMBGR6NW3N3013738-EF.png,HATCHBACK,MANUAL,GASOLINE,HATCHBACK,FWD,TMBGR6NW3N3013738,EXCELLENT,90700 PLN,"{addr1: 'Unii Lubelskiej 5', city: 'Poznań', region: 'Silesian Voivodeship', postal_code: '61-249', country: 'Poland'}",Srebrny Brillant Metalizowany,837.47 PLN,AVAILABLE,NEW,52.372376,16.950839,1.0 TSI 110 KM
63445,ŠKODA KAMIQ,Oferta leasingu online,https://sklep.skoda-auto.pl/skoda-kamiq-1-0-tsi-81-kw-110-km-6-biegowa-manualna-szary-steel-niemetalizowany-tmbgr6nw5n3013627.html,ŠKODA,KAMIQ,2021,1,KM,https://sklep.skoda-auto.pl/media/catalog/product/cache/779e34063ea37c481ddb6652b1f2b61e/9/6/967be782abb7040f4680f6103c491090-TMBGR6NW5N3013627-EF.png,HATCHBACK,MANUAL,GASOLINE,HATCHBACK,FWD,TMBGR6NW5N3013627,EXCELLENT,99300 PLN,"{addr1: 'Unii Lubelskiej 5', city: 'Poznań', region: 'Silesian Voivodeship', postal_code: '61-249', country: 'Poland'}",Szary Steel Niemetalizowany,916.87 PLN,AVAILABLE,NEW,52.372376,16.950839,1.0 TSI 110 KM
63813,ŠKODA KAMIQ,Oferta leasingu online,https://sklep.skoda-auto.pl/skoda-kamiq-1-0-tsi-81-kw-110-km-6-biegowa-manualna-blekit-race-metalizowany-tmbgr6nw4n3016549.html,ŠKODA,KAMIQ,2021,1,KM,https://sklep.skoda-auto.pl/media/catalog/product/cache/779e34063ea37c481ddb6652b1f2b61e/3/d/3ddf7bfec05920d004e4b78d3023ea5f-TMBGR6NW4N3016549-EF.png,HATCHBACK,MANUAL,GASOLINE,HATCHBACK,FWD,TMBGR6NW4N3016549,EXCELLENT,100150 PLN,"{addr1: 'Unii Lubelskiej 5', city: 'Poznań', region: 'Silesian Voivodeship', postal_code: '61-249', country: 'Poland'}",Błękit Race Metalizowany,924.72 PLN,AVAILABLE,NEW,52.372376,16.950839,1.0 TSI 110 KM
63782,ŠKODA KAMIQ,Oferta leasingu online,https://sklep.skoda-auto.pl/skoda-kamiq-1-0-tsi-81-kw-110-km-6-biegowa-manualna-czern-magic-metalizowany-tmbgr6nw6n3016715.html,ŠKODA,KAMIQ,2021,1,KM,https://sklep.skoda-auto.pl/media/catalog/product/cache/779e34063ea37c481ddb6652b1f2b61e/d/3/d3e4f18c1c8209fd21d889f3fa3bbb69-TMBGR6NW6N3016715-EF.png,HATCHBACK,MANUAL,GASOLINE,HATCHBACK,FWD,TMBGR6NW6N3016715,EXCELLENT,100150 PLN,"{addr1: 'Jadwigi Wajsówny  7-9', city: 'Poznań', region: 'Silesian Voivodeship', postal_code: '60-002', country: 'Poland'}",Czerń Magic Metalizowany,924.72 PLN,AVAILABLE,NEW,52.359853,16.849685,1.0 TSI 110 KM
63446,ŠKODA KAMIQ,Oferta leasingu online,https://sklep.skoda-auto.pl/skoda-kamiq-1-0-tsi-81-kw-110-km-6-biegowa-manualna-szary-quarz-metalizowany-tmbgr6nwxn3013462.html,ŠKODA,KAMIQ,2021,1,KM,https://sklep.skoda-auto.pl/media/catalog/product/cache/779e34063ea37c481ddb6652b1f2b61e/4/e/4e08643d120c2be85be58c0805a60931-TMBGR6NWXN3013462-EF.png,HATCHBACK,MANUAL,GASOLINE,HATCHBACK,FWD,TMBGR6NWXN3013462,EXCELLENT,100150 PLN,"{addr1: 'Unii Lubelskiej 5', city: 'Poznań', region: 'Silesian Voivodeship', postal_code: '61-249', country: 'Poland'}",Szary Quarz Metalizowany,924.72 PLN,AVAILABLE,NEW,52.372376,16.950839,1.0 TSI 110 KM
63309,ŠKODA KAMIQ,Oferta leasingu online,https://sklep.skoda-auto.pl/skoda-kamiq-1-0-tsi-81-kw-110-km-7-biegowa-dsg-biel-candy-niemetalizowany-tmbgr6nwxn3010383.html,ŠKODA,KAMIQ,2021,1,KM,https://sklep.skoda-auto.pl/media/catalog/product/cache/779e34063ea37c481ddb6652b1f2b61e/1/1/11733b653d54acaca88c76c778c5b4e9-TMBGR6NWXN3010383-EF.png,HATCHBACK,AUTOMATIC,GASOLINE,HATCHBACK,FWD,TMBGR6NWXN3010383,EXCELLENT,105600 PLN,"{addr1: 'Unii Lubelskiej 5', city: 'Poznań', region: 'Silesian Voivodeship', postal_code: '61-249', country: 'Poland'}",Biel Candy Niemetalizowany,975.04 PLN,AVAILABLE,NEW,52.372376,16.950839,1.0 TSI 110 KM
63784,ŠKODA KAMIQ,Oferta leasingu online,https://sklep.skoda-auto.pl/skoda-kamiq-1-0-tsi-81-kw-110-km-7-biegowa-dsg-biel-candy-niemetalizowany-tmbgr6nw5n3016446.html,ŠKODA,KAMIQ,2021,1,KM,https://sklep.skoda-auto.pl/media/catalog/product/cache/779e34063ea37c481ddb6652b1f2b61e/1/1/11733b653d54acaca88c76c778c5b4e9-TMBGR6NW5N3016446-EF.png,HATCHBACK,AUTOMATIC,GASOLINE,HATCHBACK,FWD,TMBGR6NW5N3016446,EXCELLENT,105600 PLN,"{addr1: 'Jadwigi Wajsówny  7-9', city: 'Poznań', region: 'Silesian Voivodeship', postal_code: '60-002', country: 'Poland'}",Biel Candy Niemetalizowany,975.04 PLN,AVAILABLE,NEW,52.359853,16.849685,1.0 TSI 110 KM
63310,ŠKODA KAMIQ,Oferta leasingu online,https://sklep.skoda-auto.pl/skoda-kamiq-1-0-tsi-81-kw-110-km-7-biegowa-dsg-blekit-race-metalizowany-tmbgr6nw0n3010229.html,ŠKODA,KAMIQ,2021,1,KM,https://sklep.skoda-auto.pl/media/catalog/product/cache/779e34063ea37c481ddb6652b1f2b61e/2/6/264bed349099da6c37c61fddaf51275c-TMBGR6NW0N3010229-EF.png,HATCHBACK,AUTOMATIC,GASOLINE,HATCHBACK,FWD,TMBGR6NW0N3010229,EXCELLENT,106450 PLN,"{addr1: 'Unii Lubelskiej 5', city: 'Poznań', region: 'Silesian Voivodeship', postal_code: '61-249', country: 'Poland'}",Błękit Race Metalizowany,982.89 PLN,AVAILABLE,NEW,52.372376,16.950839,1.0 TSI 110 KM
63681,ŠKODA KAMIQ,Oferta leasingu online,https://sklep.skoda-auto.pl/skoda-kamiq-1-5-tsi-110-kw-150-km-6-biegowa-manualna-blekit-race-metalizowany-tmbgk6nw5n3015110.html,ŠKODA,KAMIQ,2021,1,KM,https://sklep.skoda-auto.pl/media/catalog/product/cache/779e34063ea37c481ddb6652b1f2b61e/1/4/14a1aa39bfcc25e0564db6811daec597-TMBGK6NW5N3015110-EF.png,HATCHBACK,MANUAL,GASOLINE,HATCHBACK,FWD,TMBGK6NW5N3015110,EXCELLENT,106850 PLN,"{addr1: 'Unii Lubelskiej 5', city: 'Poznań', region: 'Silesian Voivodeship', postal_code: '61-249', country: 'Poland'}",Błękit Race Metalizowany,1014.57 PLN,AVAILABLE,NEW,52.372376,16.950839,1.5 TSI 150 KM
63530,ŠKODA OCTAVIA COMBI,Oferta leasingu online,https://sklep.skoda-auto.pl/skoda-octavia-combi-1-5-tsi-110-kw-150-km-6-biegowa-manualna-czern-magic-metalizowany-tmbjr7nx9ny014805.html,ŠKODA,OCTAVIA COMBI,2021,1,KM,https://sklep.skoda-auto.pl/media/catalog/product/cache/779e34063ea37c481ddb6652b1f2b61e/8/c/8c7a4b8de3a1ff28b2b7f0a6a6c70e76-TMBJR7NX9NY014805-EF.png,WAGON,MANUAL,GASOLINE,WAGON,FWD,TMBJR7NX9NY014805,EXCELLENT,111500 PLN,"{addr1: 'Modlińska 224', city: 'Warszawa', region: 'Silesian Voivodeship', postal_code: '03-119', country: 'Poland'}",Czerń Magic Metalizowany,994.48 PLN,AVAILABLE,NEW,52.333327,20.964408,1.5 TSI 150 KM
60388,ŠKODA OCTAVIA,Oferta leasingu online,https://sklep.skoda-auto.pl/skoda-octavia-1-0-tsi-m-hev-81-kw-110-km-7-biegowa-automatyczna-dsg-szary-quarz-metalizowany-tmbap7nx0my121715.html,ŠKODA,OCTAVIA,2021,1,KM,https://sklep.skoda-auto.pl/media/catalog/product/cache/779e34063ea37c481ddb6652b1f2b61e/4/1/410e1fa430d0217be60cb422285c867b-TMBAP7NX0MY121715-EF.png,SEDAN,AUTOMATIC,PLUGIN_HYBRID,SEDAN,FWD,TMBAP7NX0MY121715,EXCELLENT,109450 PLN,"{addr1: 'Andrzeja Struga 1A', city: 'Szczecin', region: 'Silesian Voivodeship', postal_code: '70-784', country: 'Poland'}",Szary Quarz Metalizowany,1030.66 PLN,AVAILABLE,NEW,53.384361,14.651761,1.0 TSI 110 KM
63027,ŠKODA OCTAVIA COMBI,Oferta leasingu online,https://sklep.skoda-auto.pl/skoda-octavia-combi-1-5-tsi-110-kw-150-km-6-biegowa-manualna-czern-magic-metalizowany-tmbjr7nx8my187990.html,ŠKODA,OCTAVIA COMBI,2021,1,KM,https://sklep.skoda-auto.pl/media/catalog/product/cache/779e34063ea37c481ddb6652b1f2b61e/6/3/63e10efbaf583094dd44f055615a2c18-TMBJR7NX8MY187990-EF.png,WAGON,MANUAL,GASOLINE,WAGON,FWD,TMBJR7NX8MY187990,EXCELLENT,115900 PLN,"{addr1: 'Modlińska 224', city: 'Warszawa', region: 'Silesian Voivodeship', postal_code: '03-119', country: 'Poland'}",Czerń Magic Metalizowany,1033.72 PLN,AVAILABLE,NEW,52.333327,20.964408,1.5 TSI 150 KM
63026,ŠKODA OCTAVIA COMBI,Oferta leasingu online,https://sklep.skoda-auto.pl/skoda-octavia-combi-1-5-tsi-110-kw-150-km-6-biegowa-manualna-czern-magic-metalizowany-tmbjr7nx8my192283.html,ŠKODA,OCTAVIA COMBI,2021,1,KM,https://sklep.skoda-auto.pl/media/catalog/product/cache/779e34063ea37c481ddb6652b1f2b61e/6/3/63e10efbaf583094dd44f055615a2c18-TMBJR7NX8MY192283-EF.png,WAGON,MANUAL,GASOLINE,WAGON,FWD,TMBJR7NX8MY192283,EXCELLENT,115900 PLN,"{addr1: 'Modlińska 224', city: 'Warszawa', region: 'Silesian Voivodeship', postal_code: '03-119', country: 'Poland'}",Czerń Magic Metalizowany,1033.72 PLN,AVAILABLE,NEW,52.333327,20.964408,1.5 TSI 150 KM
63103,ŠKODA OCTAVIA COMBI,Oferta leasingu online,https://sklep.skoda-auto.pl/skoda-octavia-combi-1-5-tsi-110-kw-150-km-6-biegowa-manualna-szary-quarz-metalizowany-tmbjr7nx0my192438.html,ŠKODA,OCTAVIA COMBI,2021,1,KM,https://sklep.skoda-auto.pl/media/catalog/product/cache/779e34063ea37c481ddb6652b1f2b61e/3/5/35069b6c3c8aadf257fcbf794ad5a16b-TMBJR7NX0MY192438-EF.png,WAGON,MANUAL,GASOLINE,WAGON,FWD,TMBJR7NX0MY192438,EXCELLENT,117000 PLN,"{addr1: 'Modlińska 224', city: 'Warszawa', region: 'Silesian Voivodeship', postal_code: '03-119', country: 'Poland'}",Szary Quarz Metalizowany,1043.53 PLN,AVAILABLE,NEW,52.333327,20.964408,1.5 TSI 150 KM
58304,ŠKODA OCTAVIA COMBI,Oferta leasingu online,https://sklep.skoda-auto.pl/skoda-octavia-combi-1-5-tsi-110-kw-150-km-6-biegowa-manualna-blekit-race-metalizowany-tmbjr7nxxmy103085.html,ŠKODA,OCTAVIA COMBI,2021,1,KM,https://sklep.skoda-auto.pl/media/catalog/product/cache/779e34063ea37c481ddb6652b1f2b61e/f/9/f9bc501182ebdfe5107e72851ae2652e-TMBJR7NXXMY103085-EF.png,WAGON,MANUAL,GASOLINE,WAGON,FWD,TMBJR7NXXMY103085,EXCELLENT,117800 PLN,"{addr1: 'Armii Krajowej 46', city: 'Wrocław', region: 'Silesian Voivodeship', postal_code: '50-541', country: 'Poland'}",Błękit Race Metalizowany,1050.67 PLN,AVAILABLE,NEW,51.083469,17.05073,1.5 TSI 150 KM
62346,ŠKODA OCTAVIA COMBI,Oferta leasingu online,https://sklep.skoda-auto.pl/skoda-octavia-combi-1-5-tsi-110-kw-150-km-6-biegowa-manualna-biel-candy-niemetalizowany-tmbjr7nx4my155019.html,ŠKODA,OCTAVIA COMBI,2021,1,KM,https://sklep.skoda-auto.pl/media/catalog/product/cache/779e34063ea37c481ddb6652b1f2b61e/a/d/ad71c7cd4af39e629d82f1794d10805d-TMBJR7NX4MY155019-EF.png,WAGON,MANUAL,GASOLINE,WAGON,FWD,TMBJR7NX4MY155019,EXCELLENT,119950 PLN,"{addr1: 'Unii Lubelskiej 5', city: 'Poznań', region: 'Silesian Voivodeship', postal_code: '61-249', country: 'Poland'}",Biel Candy Niemetalizowany,1069.84 PLN,AVAILABLE,NEW,52.372376,16.950839,1.5 TSI 150 KM
61578,ŠKODA OCTAVIA COMBI,Oferta leasingu online,https://sklep.skoda-auto.pl/skoda-octavia-combi-1-5-tsi-110-kw-150-km-6-biegowa-manualna-biel-candy-niemetalizowany-tmbjr7nx3my141872.html,ŠKODA,OCTAVIA COMBI,2021,1,KM,https://sklep.skoda-auto.pl/media/catalog/product/cache/779e34063ea37c481ddb6652b1f2b61e/a/d/ad71c7cd4af39e629d82f1794d10805d-TMBJR7NX3MY141872-EF.png,WAGON,MANUAL,GASOLINE,WAGON,FWD,TMBJR7NX3MY141872,EXCELLENT,119950 PLN,"{addr1: 'Unii Lubelskiej 5', city: 'Poznań', region: 'Silesian Voivodeship', postal_code: '61-249', country: 'Poland'}",Biel Candy Niemetalizowany,1069.84 PLN,AVAILABLE,NEW,52.372376,16.950839,1.5 TSI 150 KM
62737,ŠKODA OCTAVIA COMBI,Oferta leasingu online,https://sklep.skoda-auto.pl/skoda-octavia-combi-1-5-tsi-110-kw-150-km-6-biegowa-manualna-blekit-race-metalizowany-tmbjr7nx5my175439.html,ŠKODA,OCTAVIA COMBI,2021,1,KM,https://sklep.skoda-auto.pl/media/catalog/product/cache/779e34063ea37c481ddb6652b1f2b61e/0/3/031e8947e60fbc2202278cff145a368e-TMBJR7NX5MY175439-EF.png,WAGON,MANUAL,GASOLINE,WAGON,FWD,TMBJR7NX5MY175439,EXCELLENT,120700 PLN,"{addr1: 'Unii Lubelskiej 5', city: 'Poznań', region: 'Silesian Voivodeship', postal_code: '61-249', country: 'Poland'}",Błękit Race Metalizowany,1076.53 PLN,AVAILABLE,NEW,52.372376,16.950839,1.5 TSI 150 KM
62353,ŠKODA OCTAVIA COMBI,Oferta leasingu online,https://sklep.skoda-auto.pl/skoda-octavia-combi-1-5-tsi-110-kw-150-km-6-biegowa-manualna-blekit-lava-metalizowany-tmbjr7nx0my151260.html,ŠKODA,OCTAVIA COMBI,2021,1,KM,https://sklep.skoda-auto.pl/media/catalog/product/cache/779e34063ea37c481ddb6652b1f2b61e/4/7/479181c5e9843a104b0e2f662ac2ed71-TMBJR7NX0MY151260-EF.png,WAGON,MANUAL,GASOLINE,WAGON,FWD,TMBJR7NX0MY151260,EXCELLENT,120700 PLN,"{addr1: 'Unii Lubelskiej 5', city: 'Poznań', region: 'Silesian Voivodeship', postal_code: '61-249', country: 'Poland'}",Błękit Lava Metalizowany,1076.53 PLN,AVAILABLE,NEW,52.372376,16.950839,1.5 TSI 150 KM
61781,ŠKODA OCTAVIA COMBI,Oferta leasingu online,https://sklep.skoda-auto.pl/skoda-octavia-combi-1-5-tsi-110-kw-150-km-6-biegowa-manualna-blekit-lava-metalizowany-tmbjr7nxxmy143232.html,ŠKODA,OCTAVIA COMBI,2021,1,KM,https://sklep.skoda-auto.pl/media/catalog/product/cache/779e34063ea37c481ddb6652b1f2b61e/4/7/479181c5e9843a104b0e2f662ac2ed71-TMBJR7NXXMY143232-EF.png,WAGON,MANUAL,GASOLINE,WAGON,FWD,TMBJR7NXXMY143232,EXCELLENT,120700 PLN,"{addr1: 'Unii Lubelskiej 5', city: 'Poznań', region: 'Silesian Voivodeship', postal_code: '61-249', country: 'Poland'}",Błękit Lava Metalizowany,1076.53 PLN,AVAILABLE,NEW,52.372376,16.950839,1.5 TSI 150 KM
61720,ŠKODA OCTAVIA COMBI,Oferta leasingu online,https://sklep.skoda-auto.pl/skoda-octavia-combi-1-5-tsi-110-kw-150-km-6-biegowa-manualna-blekit-lava-metalizowany-tmbjr7nx1my143149.html,ŠKODA,OCTAVIA COMBI,2021,1,KM,https://sklep.skoda-auto.pl/media/catalog/product/cache/779e34063ea37c481ddb6652b1f2b61e/4/7/479181c5e9843a104b0e2f662ac2ed71-TMBJR7NX1MY143149-EF.png,WAGON,MANUAL,GASOLINE,WAGON,FWD,TMBJR7NX1MY143149,EXCELLENT,120700 PLN,"{addr1: 'Unii Lubelskiej 5', city: 'Poznań', region: 'Silesian Voivodeship', postal_code: '61-249', country: 'Poland'}",Błękit Lava Metalizowany,1076.53 PLN,AVAILABLE,NEW,52.372376,16.950839,1.5 TSI 150 KM
62736,ŠKODA OCTAVIA COMBI,Oferta leasingu online,https://sklep.skoda-auto.pl/skoda-octavia-combi-1-5-tsi-110-kw-150-km-6-biegowa-manualna-blekit-lava-metalizowany-tmbjr7nx2my175687.html,ŠKODA,OCTAVIA COMBI,2021,1,KM,https://sklep.skoda-auto.pl/media/catalog/product/cache/779e34063ea37c481ddb6652b1f2b61e/4/7/479181c5e9843a104b0e2f662ac2ed71-TMBJR7NX2MY175687-EF.png,WAGON,MANUAL,GASOLINE,WAGON,FWD,TMBJR7NX2MY175687,EXCELLENT,120700 PLN,"{addr1: 'Unii Lubelskiej 5', city: 'Poznań', region: 'Silesian Voivodeship', postal_code: '61-249', country: 'Poland'}",Błękit Lava Metalizowany,1076.53 PLN,AVAILABLE,NEW,52.372376,16.950839,1.5 TSI 150 KM
62349,ŠKODA OCTAVIA COMBI,Oferta leasingu online,https://sklep.skoda-auto.pl/skoda-octavia-combi-1-5-tsi-110-kw-150-km-6-biegowa-manualna-blekit-lava-metalizowany-tmbjr7nx5my154431.html,ŠKODA,OCTAVIA COMBI,2021,1,KM,https://sklep.skoda-auto.pl/media/catalog/product/cache/779e34063ea37c481ddb6652b1f2b61e/4/7/479181c5e9843a104b0e2f662ac2ed71-TMBJR7NX5MY154431-EF.png,WAGON,MANUAL,GASOLINE,WAGON,FWD,TMBJR7NX5MY154431,EXCELLENT,120700 PLN,"{addr1: 'Unii Lubelskiej 5', city: 'Poznań', region: 'Silesian Voivodeship', postal_code: '61-249', country: 'Poland'}",Błękit Lava Metalizowany,1076.53 PLN,AVAILABLE,NEW,52.372376,16.950839,1.5 TSI 150 KM
61779,ŠKODA OCTAVIA COMBI,Oferta leasingu online,https://sklep.skoda-auto.pl/skoda-octavia-combi-1-5-tsi-110-kw-150-km-6-biegowa-manualna-blekit-titan-metalizowany-tmbjr7nxxmy143425.html,ŠKODA,OCTAVIA COMBI,2021,1,KM,https://sklep.skoda-auto.pl/media/catalog/product/cache/779e34063ea37c481ddb6652b1f2b61e/2/1/21e30b3dc5abb9a175afd182cd188229-TMBJR7NXXMY143425-EF.png,WAGON,MANUAL,GASOLINE,WAGON,FWD,TMBJR7NXXMY143425,EXCELLENT,120700 PLN,"{addr1: 'Unii Lubelskiej 5', city: 'Poznań', region: 'Silesian Voivodeship', postal_code: '61-249', country: 'Poland'}",Błękit Titan Metalizowany,1076.53 PLN,AVAILABLE,NEW,52.372376,16.950839,1.5 TSI 150 KM
61579,ŠKODA OCTAVIA COMBI,Oferta leasingu online,https://sklep.skoda-auto.pl/skoda-octavia-combi-1-5-tsi-110-kw-150-km-6-biegowa-manualna-blekit-titan-metalizowany-tmbjr7nx0my142039.html,ŠKODA,OCTAVIA COMBI,2021,1,KM,https://sklep.skoda-auto.pl/media/catalog/product/cache/779e34063ea37c481ddb6652b1f2b61e/2/1/21e30b3dc5abb9a175afd182cd188229-TMBJR7NX0MY142039-EF.png,WAGON,MANUAL,GASOLINE,WAGON,FWD,TMBJR7NX0MY142039,EXCELLENT,120700 PLN,"{addr1: 'Unii Lubelskiej 5', city: 'Poznań', region: 'Silesian Voivodeship', postal_code: '61-249', country: 'Poland'}",Błękit Titan Metalizowany,1076.53 PLN,AVAILABLE,NEW,52.372376,16.950839,1.5 TSI 150 KM
63536,ŠKODA OCTAVIA COMBI,Oferta leasingu online,https://sklep.skoda-auto.pl/skoda-octavia-combi-1-5-tsi-110-kw-150-km-6-biegowa-manualna-czern-magic-metalizowany-tmbjr7nx0ny013722.html,ŠKODA,OCTAVIA COMBI,2021,1,KM,https://sklep.skoda-auto.pl/media/catalog/product/cache/779e34063ea37c481ddb6652b1f2b61e/6/b/6b5f184c6fab4e9c46aa199ac634a678-TMBJR7NX0NY013722-EF.png,WAGON,MANUAL,GASOLINE,WAGON,FWD,TMBJR7NX0NY013722,EXCELLENT,120800 PLN,"{addr1: 'Modlińska 224', city: 'Warszawa', region: 'Silesian Voivodeship', postal_code: '03-119', country: 'Poland'}",Czerń Magic Metalizowany,1077.43 PLN,AVAILABLE,NEW,52.333327,20.964408,1.5 TSI 150 KM
62925,ŠKODA OCTAVIA COMBI,Oferta leasingu online,https://sklep.skoda-auto.pl/skoda-octavia-combi-1-5-tsi-110-kw-150-km-6-biegowa-manualna-srebrny-brilliant-metalizowany-tmbjr7nx4my190806.html,ŠKODA,OCTAVIA COMBI,2021,1,KM,https://sklep.skoda-auto.pl/media/catalog/product/cache/779e34063ea37c481ddb6652b1f2b61e/b/0/b0eb91bf002c3446d1d1f3af0c9ebeed-TMBJR7NX4MY190806-EF.png,WAGON,MANUAL,GASOLINE,WAGON,FWD,TMBJR7NX4MY190806,EXCELLENT,121750 PLN,"{addr1: 'Gen. Władysława Andersa 586', city: 'Bielsko-Biała', region: 'Silesian Voivodeship', postal_code: '43-300', country: 'Poland'}",Srebrny Brilliant Metalizowany,1085.90 PLN,AVAILABLE,NEW,49.842531,18.999252,1.5 TSI 150 KM
63062,ŠKODA OCTAVIA COMBI,Oferta leasingu online,https://sklep.skoda-auto.pl/skoda-octavia-combi-1-5-tsi-110-kw-150-km-6-biegowa-manualna-biel-moon-metalizowany-tmbjr7nx5ny007737.html,ŠKODA,OCTAVIA COMBI,2021,1,KM,https://sklep.skoda-auto.pl/media/catalog/product/cache/779e34063ea37c481ddb6652b1f2b61e/0/2/02eac604193fec091e2a4345337ebc9c-TMBJR7NX5NY007737-EF.png,WAGON,MANUAL,GASOLINE,WAGON,FWD,TMBJR7NX5NY007737,EXCELLENT,124600 PLN,"{addr1: 'Hutnicza 2 A', city: 'Lubin', region: 'Silesian Voivodeship', postal_code: '59-300', country: 'Poland'}",Biel Moon Metalizowany,1111.32 PLN,AVAILABLE,NEW,51.411597,16.185118,1.5 TSI 150 KM
63754,ŠKODA OCTAVIA COMBI,Oferta leasingu online,https://sklep.skoda-auto.pl/skoda-octavia-combi-1-5-tsi-110-kw-150-km-6-biegowa-manualna-biel-moon-metalizowany-tmbjr7nx2ny014788.html,ŠKODA,OCTAVIA COMBI,2021,1,KM,https://sklep.skoda-auto.pl/media/catalog/product/cache/779e34063ea37c481ddb6652b1f2b61e/0/5/05d79572fc4cfb2afbb4e5898c6e912b-TMBJR7NX2NY014788-EF.png,WAGON,MANUAL,GASOLINE,WAGON,FWD,TMBJR7NX2NY014788,EXCELLENT,125000 PLN,"{addr1: 'Armii Krajowej 46', city: 'Wrocław', region: 'Silesian Voivodeship', postal_code: '50-541', country: 'Poland'}",Biel Moon Metalizowany,1114.89 PLN,AVAILABLE,NEW,51.083469,17.05073,1.5 TSI 150 KM
63205,ŠKODA OCTAVIA COMBI,Oferta leasingu online,https://sklep.skoda-auto.pl/skoda-octavia-combi-1-5-tsi-110-kw-150-km-6-biegowa-manualna-blekit-lava-metalizowany-tmbjr7nx2ny010305.html,ŠKODA,OCTAVIA COMBI,2021,1,KM,https://sklep.skoda-auto.pl/media/catalog/product/cache/779e34063ea37c481ddb6652b1f2b61e/1/d/1d69269d77e8d752cb23e3313151db8c-TMBJR7NX2NY010305-EF.png,WAGON,MANUAL,GASOLINE,WAGON,FWD,TMBJR7NX2NY010305,EXCELLENT,125600 PLN,"{addr1: 'Obornicka 249', city: 'Poznań', region: 'Silesian Voivodeship', postal_code: '60-693', country: 'Poland'}",Błękit Lava Metalizowany,1120.24 PLN,AVAILABLE,NEW,52.448805,16.905748,1.5 TSI 150 KM
63755,ŠKODA OCTAVIA COMBI,Oferta leasingu online,https://sklep.skoda-auto.pl/skoda-octavia-combi-1-5-tsi-m-hev-110-kw-150-km-7-biegowa-automatyczna-dsg-blekit-race-metalizowany-tmbjr7nx0ny014773.html,ŠKODA,OCTAVIA COMBI,2021,1,KM,https://sklep.skoda-auto.pl/media/catalog/product/cache/779e34063ea37c481ddb6652b1f2b61e/e/5/e5877e0d5d416106485872c324032ec3-TMBJR7NX0NY014773-EF.png,WAGON,AUTOMATIC,PLUGIN_HYBRID,WAGON,FWD,TMBJR7NX0NY014773,EXCELLENT,126350 PLN,"{addr1: 'Armii Krajowej 46', city: 'Wrocław', region: 'Silesian Voivodeship', postal_code: '50-541', country: 'Poland'}",Błękit Race Metalizowany,1126.93 PLN,AVAILABLE,NEW,51.083469,17.05073,1.5 TSI 150 KM
61791,ŠKODA OCTAVIA,Oferta leasingu online,https://sklep.skoda-auto.pl/skoda-octavia-2-0-tdi-110-kw-150-km-6-biegowa-manualna-braz-maple-metalizowany-tmbaj7nxxmy144940.html,ŠKODA,OCTAVIA,2021,1,KM,https://sklep.skoda-auto.pl/media/catalog/product/cache/779e34063ea37c481ddb6652b1f2b61e/8/c/8cc8c3793b0f7af98ce85609bfcf65f4-TMBAJ7NXXMY144940-EF.png,SEDAN,MANUAL,DIESEL,SEDAN,FWD,TMBAJ7NXXMY144940,EXCELLENT,119850 PLN,"{addr1: 'Roztocze 4', city: 'Lublin', region: 'Silesian Voivodeship', postal_code: '20-722', country: 'Poland'}",Brąz Maple Metalizowany,1313.79 PLN,AVAILABLE,NEW,51.234075,22.491383,2.0 TDI 150 KM
57570,ŠKODA OCTAVIA COMBI SCOUT,Oferta leasingu online,https://sklep.skoda-auto.pl/skoda-octavia-combi-scout-1-5-tsi-110-kw-150-km-6-biegowa-manualna-blekit-titan-metalizowany-tmbjr8nx4my096091.html,ŠKODA,OCTAVIA COMBI SCOUT,2021,1,KM,https://sklep.skoda-auto.pl/media/catalog/product/cache/779e34063ea37c481ddb6652b1f2b61e/5/f/5f8d2fafa524707fc28e77de5d53e748-TMBJR8NX4MY096091-EF.png,WAGON,MANUAL,GASOLINE,WAGON,FWD,TMBJR8NX4MY096091,EXCELLENT,150850 PLN,"{addr1: 'Grochowska 306/308', city: 'Warszawa', region: 'Silesian Voivodeship', postal_code: '03-840', country: 'Poland'}",Błękit Titan Metalizowany,1345.44 PLN,AVAILABLE,NEW,52.246704,21.063113,1.5 TSI 150 KM
62799,ŠKODA OCTAVIA COMBI,Oferta leasingu online,https://sklep.skoda-auto.pl/skoda-octavia-combi-2-0-tdi-85-kw-115-km-6-biegowa-manualna-biel-moon-metalizowany-tmbjg7nxxmy183199.html,ŠKODA,OCTAVIA COMBI,2021,1,KM,https://sklep.skoda-auto.pl/media/catalog/product/cache/779e34063ea37c481ddb6652b1f2b61e/6/d/6d92d951c12a2b7f0f63cfe83e38266f-TMBJG7NXXMY183199-EF.png,WAGON,MANUAL,DIESEL,WAGON,FWD,TMBJG7NXXMY183199,EXCELLENT,118750 PLN,"{addr1: 'Piasecka 20 A', city: 'Świdnik', region: 'Silesian Voivodeship', postal_code: '21-040', country: 'Poland'}",Biel Moon Metalizowany,1454.13 PLN,AVAILABLE,NEW,51.212878,22.647,2.0 TDI 115 KM
63388,ŠKODA OCTAVIA COMBI,Oferta leasingu online,https://sklep.skoda-auto.pl/skoda-octavia-combi-2-0-tdi-110-kw-150-km-6-biegowa-manualna-czern-magic-metalizowany-tmbjj7nxxny011970.html,ŠKODA,OCTAVIA COMBI,2021,1,KM,https://sklep.skoda-auto.pl/media/catalog/product/cache/779e34063ea37c481ddb6652b1f2b61e/d/8/d85c85715c113f8063b6ce8daa423372-TMBJJ7NXXNY011970-EF.png,WAGON,MANUAL,DIESEL,WAGON,FWD,TMBJJ7NXXNY011970,EXCELLENT,140200 PLN,"{addr1: 'Jerozolimskie 249b', city: 'Opacz Kolonia', region: 'Silesian Voivodeship', postal_code: '05-816', country: 'Poland'}",Czerń Magic Metalizowany,1716.79 PLN,AVAILABLE,NEW,52.180939,20.889248,2.0 TDI 150 KM
63387,ŠKODA OCTAVIA COMBI,Oferta leasingu online,https://sklep.skoda-auto.pl/skoda-octavia-combi-2-0-tdi-110-kw-150-km-6-biegowa-manualna-srebrny-brillant-metalizowany-tmbjj7nx4ny012449.html,ŠKODA,OCTAVIA COMBI,2021,1,KM,https://sklep.skoda-auto.pl/media/catalog/product/cache/779e34063ea37c481ddb6652b1f2b61e/2/3/2389317f8b8ce2f0e6c0ed3d9b2fc742-TMBJJ7NX4NY012449-EF.png,WAGON,MANUAL,DIESEL,WAGON,FWD,TMBJJ7NX4NY012449,EXCELLENT,140200 PLN,"{addr1: 'Jerozolimskie 249b', city: 'Opacz Kolonia', region: 'Silesian Voivodeship', postal_code: '05-816', country: 'Poland'}",Srebrny Brillant Metalizowany,1716.79 PLN,AVAILABLE,NEW,52.180939,20.889248,2.0 TDI 150 KM
